date, pm25, pm10, o3, no2, so2, co
12/1/2022,35,22,17,29,4,5
12/2/2022,40,36,20,32,3,6
12/3/2022,85,21,26,11,2,4
12/4/2022,31,23,19,22,3,4
12/5/2022,44,29,16,39,4,6
12/6/2022,60,37,19,32,3,6
12/7/2022,62,31,12,45,3,5
12/8/2022,46,45,15,45,5,8
12/9/2022,95,45,10,47,4,7
12/10/2022,89,47,22,29,5,7
12/11/2022,94,36,8,45,4,7
12/12/2022,81,137,24,19,2,4
12/13/2022,115,48,20,13,3,3
12/14/2022,44,33,14,34,2,6
12/15/2022,74,33,15,25,3,6
12/16/2022,74,27,22,20,4,5
12/17/2022,60,21,24,11,3,4
12/18/2022,32,23,13,30,3,5
12/19/2022,53,36,7,44,4,7
12/20/2022,83,44,23,39,4,8
12/21/2022,104,41,21,15,3,4
12/22/2022,71, , , , , 
11/1/2022,109,36,20,32,4,4
11/2/2022,57,37,23,31,4,6
11/3/2022,63,30,21,12,4,3
11/4/2022,35,33,24,30,4,5
11/5/2022,56,31,30,34,4,6
11/6/2022,64,32,24,36,4,6
11/7/2022,60,51,31,35,4,6
11/8/2022,108,66,27,45,4,9
11/9/2022,144,77,32,45,4,9
11/10/2022,160,60,29,47,5,9
11/11/2022,122,52,21,40,4,8
11/12/2022,113,21,18,13,3,5
11/13/2022,52,26,28,23,4,6
11/14/2022,63,34,18,30,4,6
11/15/2022,71,36,21,31,4,6
11/16/2022,78,39,15,43,4,7
11/17/2022,79,50,15,48,5,8
11/18/2022,101,34,28,38,4,6
11/19/2022,74,32,32,34,4,6
11/20/2022,69,42,24,44,4,7
11/21/2022,93,55,15,39,4,8
11/22/2022,116,43,25,29,4,6
11/23/2022,93,54,11,41,4,7
11/24/2022,104,58,40,35,5,7
11/25/2022,119,55,25,15,4,4
11/26/2022,66,20,19,26,4,4
11/27/2022,42,29,6,40,4,6
11/28/2022,56,23,25,17,3,5
11/29/2022,44,28,21,9,3,3
11/30/2022,24,23,20,15,4,4
10/1/2022,124,36,35,20,3,5
10/2/2022,86,16,25,14,4,4
10/3/2022,40,16,23,9,3,3
10/4/2022,23,17,22,15,3,3
10/5/2022,29,8,18,14,3,2
10/6/2022,12,11,21,12,3,3
10/7/2022,19,10,29,15,3,3
10/8/2022,19,9,26,13,3,3
10/9/2022,16,9,26,8,3,3
10/10/2022,12,18,25,12,3,3
10/11/2022,36,24,23,29,3,5
10/12/2022,52,24,24,33,3,5
10/13/2022,45,32,24,33,3,5
10/14/2022,64,34,36,29,3,5
10/15/2022,77,37,18,27,3,6
10/16/2022,84,31,22,10,8,3
10/17/2022,39,25,22,14,4,3
10/18/2022,37,29,24,26,3,4
10/19/2022,43,40,31,36,4,5
10/20/2022,69,57,37,44,5,7
10/21/2022,115,50,34,33,4,6
10/22/2022,109,42,37,11,3,3
10/23/2022,74,30,27,14,3,3
10/24/2022,46,19,27,23,3,3
10/25/2022,28,19,17,30,3,3
10/26/2022,32,36,30,33,3,5
10/27/2022,72,47,26,35,3,6
10/28/2022,87,28,28,29,3,5
10/29/2022,64,29,31,25,3,5
10/30/2022,66,31,27,28,2,4
10/31/2022,61,53,34,26,3,6
9/1/2022,37,17,33,15,3,3
9/2/2022,31,13,31,9,2,3
9/3/2022,18,9,26,9,2,3
9/4/2022,18,5,50,11,3,2
9/5/2022,9,13,51,11,3,3
9/6/2022,24,34,25,28,3,4
9/7/2022,59,29,32,32,4,5
9/8/2022,55,19,17,18,3,4
9/9/2022,45,13,20,10,3,3
9/10/2022,30,20,23,10,3,3
9/11/2022,49,18,24,14,3,4
9/12/2022,50,19,17,19,3,4
9/13/2022,55,19,36,16,3,3
9/14/2022,42,20,34,13,3,3
9/15/2022,38,27,27,20,4,3
9/16/2022,51,25,29,21,2,5
9/17/2022,61,17,22,9,3,3
9/18/2022,44,15,24,4,2,2
9/19/2022,22,22,36,8,2,2
9/20/2022,30,25,36,17,3,3
9/21/2022,45,21,40,18,3,3
9/22/2022,37,25,32,19,3,3
9/23/2022,39,19,36,12,3,3
9/24/2022,26,20,48,17,3,4
9/25/2022,45,21,43,25,3,4
9/26/2022,53,22,38,34,3,4
9/27/2022,59,31,36,36,3,5
9/28/2022,67,60,74,31,3,6
9/29/2022,135,55,77,34,3,5
9/30/2022,118,56,72,36,4,7
8/1/2022,34,13,17,10,2,2
8/2/2022,26,23,30,12,2,3
8/3/2022,62,19,39,9,3,2
8/4/2022,50,19,32,10,3,2
8/5/2022,49,36,39,11,2,3
8/6/2022,85,31,34,7,3,3
8/7/2022,73,23,40,11,2,3
8/8/2022,50,10,29,15,3,3
8/9/2022,22,14,34,20,2,3
8/10/2022,29,15,31,22,3,4
8/11/2022,37,28,69,20,3,3
8/12/2022,56,31,19,29,3,5
8/13/2022,71,24,38,12,3,4
8/14/2022,60,27,39,6,3,2
8/15/2022,42,23,43,14,3,4
8/16/2022,51,24,48,22,3,4
8/17/2022,54,24,54,19,3,4
8/18/2022,57,26,24,19,3,4
8/19/2022,57,27,48,11,3,4
8/20/2022,61,26,58,12,2,5
8/21/2022,60,27,39,17,3,3
8/22/2022,64,17,30,17,3,3
8/23/2022,38,15,27,14,3,3
8/24/2022,29,19,29,21,2,3
8/25/2022,21,35,62,17,3,4
8/26/2022,70,24,41,10,3,4
8/27/2022,39,15,33,11,3,3
8/28/2022,29,13,18,17,2,3
8/29/2022,21,5,17,16,3,3
8/30/2022,11,9,25,15,3,4
8/31/2022,13,19,36,20,3,5
7/1/2022,29,30,67,15,3,4
7/2/2022,57,40,58,12,3,4
7/3/2022,92,39,37,19,3,3
7/4/2022,92,34,62,24,3,4
7/5/2022,84,32,47,18,3,3
7/6/2022,77,22,24,14,2,3
7/7/2022,46,28,33,15,3,3
7/8/2022,67,25,37,15,3,3
7/9/2022,64,45,91,18,4,5
7/10/2022,86,28,48,17,3,3
7/11/2022,59,12,36,14,2,2
7/12/2022,21,17,16,20,2,3
7/13/2022,39,14,29,13,2,3
7/14/2022,29,27,48,17,3,3
7/15/2022,60,32,41,17,2,4
7/16/2022,79,26,42,12,3,4
7/17/2022,68,27,44,17,3,4
7/18/2022,65,35,60,15,4,4
7/19/2022,82,38,56,16,3,4
7/20/2022,81,14,40,12,2,4
7/21/2022,34,25,43,9,3,3
7/22/2022,59,33,37,12,3,4
7/23/2022,73,18,38,9,3,4
7/24/2022,48,19,39,13,3,4
7/25/2022,28,33,99,17,3,4
7/26/2022,67,31,51,18,3,4
7/27/2022,66,24,46,13,3,3
7/28/2022,63,23,49,14,3,3
7/29/2022,62,17,33,10,3,3
7/30/2022,45,11,11,9,3,2
7/31/2022,29,14,19,11,3,3
6/1/2022,37,33,55,16,3,4
6/2/2022,66,44,88,19,3,5
6/3/2022,90,39,69,18,3,5
6/4/2022,76,27,43,11,3,4
6/5/2022,62,8,29,6,2,2
6/6/2022,16,7,31,8,2,3
6/7/2022,11,18,38,13,2,3
6/8/2022,31,27,29,18,3,4
6/9/2022,59,27,32,21,3,4
6/10/2022,67,26,55,15,3,3
6/11/2022,58,24,62,12,3,3
6/12/2022,46,29,32,23,3,4
6/13/2022,63,14,30,7,3,2
6/14/2022,22,12,25,15,2,4
6/15/2022,25,19,28,16,2,3
6/16/2022,41,37,49,24,3,5
6/17/2022,80,25,30,15,3,3
6/18/2022,52,28,36,12,3,4
6/19/2022,62,28,51,18,2,4
6/20/2022,63,25,47,21,3,3
6/21/2022,40,29,52,19,3,3
6/22/2022,53,35,38,24,2,4
6/23/2022,73,21,50,14,2,3
6/24/2022,45,52,60,12,3,6
6/25/2022,98,26,36,10,3,3
6/26/2022,52,13,8,10,2,2
6/27/2022,20,18,13,7,2,2
6/28/2022,26,13,11,9,2,2
6/29/2022,23,6,34,16,3,3
6/30/2022,11,18,18,19,3,4
5/1/2022,66,51,42,19,3,4
5/2/2022,83,40,51,25,3,4
5/3/2022,79,43,68,28,4,5
5/4/2022,79,37,57,21,4,4
5/5/2022,72,40,39,20,3,4
5/6/2022,77,33,40,10,3,2
5/7/2022,50,18,36,10,2,3
5/8/2022,30,16,40,16,2,3
5/9/2022,28,28,49,27,3,3
5/10/2022,56,34,46,20,3,3
5/11/2022,67,36,51,20,3,4
5/12/2022,62,32,39,16,3,3
5/13/2022,57,37,40,11,3,3
5/14/2022,50,25,41,9,3,3
5/15/2022,40,36,57,16,3,4
5/16/2022,57,56,79,20,4,5
5/17/2022,101,65,74,20,4,6
5/18/2022,118,51,63,16,4,4
5/19/2022,83,39,59,20,6,4
5/20/2022,80,41,44,14,3,3
5/21/2022,81,45,54,10,3,4
5/22/2022,91,68,97,19,4,5
5/23/2022,136,38,47,21,3,3
5/24/2022,75,27,41,22,3,4
5/25/2022,59,27,39,13,3,4
5/26/2022,35,28,39,13,3,3
5/27/2022,47,38,72,19,5,5
5/28/2022,74,35,67,9,3,3
5/29/2022,81,32,39,15,3,4
5/30/2022,69,28,41,20,3,3
5/31/2022,36,26,46,19,4,4
4/1/2022,35,35,37,25,4,5
4/2/2022,74,51,48,25,4,6
4/3/2022,106,59,45,31,4,6
4/4/2022,125,43,58,34,5,5
4/5/2022,93,48,43,20,4,3
4/6/2022,86,40,35,19,3,3
4/7/2022,43,50,48,31,4,4
4/8/2022,73,54,64,24,4,5
4/9/2022,69,49,56,19,4,5
4/10/2022,63,41,39,26,4,4
4/11/2022,54,33,32,15,3,3
4/12/2022,59,16,34,12,2,3
4/13/2022,32,11,34,11,2,3
4/14/2022,19,22,38,14,3,3
4/15/2022,37,39,49,19,3,3
4/16/2022,74,57,57,20,4,5
4/17/2022,108,60,57,31,5,4
4/18/2022,118,63,63,32,5,6
4/19/2022,126,59,69,25,4,5
4/20/2022,130,55,54,29,4,5
4/21/2022,104,51,49,16,3,5
4/22/2022,98,55,43,25,2,5
4/23/2022,116,54,67,16,3,5
4/24/2022,110,55,44,25,3,7
4/25/2022,111,47,46,13,3,4
4/26/2022,84,115,38,15,3,3
4/27/2022,74,69,41,28,3,4
4/28/2022,67,10,38,10,2,3
4/29/2022,15,19,38,14,2,3
4/30/2022,37,45,53,13,3,4
3/1/2022,88,32,29,27,3,5
3/2/2022,67,54,29,34,4,6
3/3/2022,96,75,58,42,5,8
3/4/2022,121,80,37,12,3,4
3/5/2022,64,46,34,13,3,4
3/6/2022,42,42,14,42,4,5
3/7/2022,72,50,31,45,4,6
3/8/2022,89,63,33,34,3,6
3/9/2022,128,64,38,51,5,8
3/10/2022,130,66,34,55,4,8
3/11/2022,115,61,34,35,3,5
3/12/2022,108,15,30,19,2,5
3/13/2022,43,18,28,22,2,6
3/14/2022,43,46,22,33,3,9
3/15/2022,105,67,33,40,4,7
3/16/2022,131,48,32,21,3,5
3/17/2022,83,6,34,12,3,3
3/18/2022,10,5,32,16,2,3
3/19/2022,11,22,34,18,3,4
3/20/2022,59,26,36,25,3,4
3/21/2022,68,37,34,21,3,5
3/22/2022,83,39,32,31,3,5
3/23/2022,75,50,22,32,4,5
3/24/2022,103,65,38,40,4,6
3/25/2022,141,12,33,13,2,3
3/26/2022,26,34,41,15,3,3
3/27/2022,54,34,29,26,4,4
3/28/2022,58,40,41,32,3,5
3/29/2022,63,39,19,37,3,5
3/30/2022,71,23,35,15,2,4
3/31/2022,44,18,31,18,3,4
2/1/2022,111,32,31,17,3,5
2/2/2022,85,24,31,22,4,5
2/3/2022,61,23,30,18,3,4
2/4/2022,57,30,28,12,3,4
2/5/2022,47,24,32,19,3,5
2/6/2022,51,30,16,32,4,6
2/7/2022,67,33,25,40,4,7
2/8/2022,75,40,16,52,4,7
2/9/2022,89,49,29,43,5,8
2/10/2022,108,69,25,60,5,11
2/11/2022,158,71,29,45,4,10
2/12/2022,154,57,32,40,4,8
2/13/2022,127,42,29,34,4,6
2/14/2022,107,38,30,14,3,4
2/15/2022,89,31,30,13,3,4
2/16/2022,73,33,25,20,4,5
2/17/2022,77,48,10,51,4,8
2/18/2022,100,47,32,29,4,6
2/19/2022,101,33,33,11,3,4
2/20/2022,63,29,32,26,3,5
2/21/2022,65,32,31,15,3,4
2/22/2022,64,29,30,16,4,4
2/23/2022,57,32,28,29,3,5
2/24/2022,69,64,42,45,4,8
2/25/2022,139,65,41,20,4,6
2/26/2022,137,50,36,21,4,4
2/27/2022,90,48,20,40,4,5
2/28/2022,72,40,32,26,3,5
1/3/2022,68,37,14,30,5,6
1/4/2022,80,50,4,47,5,9
1/5/2022,104,55,17,41,6,7
1/6/2022,113,59,8,55,6,10
1/7/2022,125,57,7,60,5,11
1/8/2022,125,92,15,35,4,12
1/9/2022,178,74,19,53,5,13
1/10/2022,158,33,20,16,3,5
1/11/2022,73,30,16,22,4,5
1/12/2022,68,35,22,16,4,5
1/13/2022,58,35,14,34,5,6
1/14/2022,68,48,2,55,5,9
1/15/2022,93,45,25,24,4,6
1/16/2022,93,28,22,27,4,5
1/17/2022,64,36,16,23,4,5
1/18/2022,73,45,22,26,5,6
1/19/2022,102,41,13,35,4,7
1/20/2022,100,40,10,52,5,9
1/21/2022,95,51,4,62,6,10
1/22/2022,122,62,20,44,5,10
1/23/2022,143,22,28,30,4,6
1/24/2022,62,31,20,35,4,6
1/25/2022,75,59,26,34,5,8
1/26/2022,136,60,22,33,5,8
1/27/2022,129,37,25,25,4,5
1/28/2022,80,31,26,19,4,4
1/29/2022,66,35,28,19,5,5
1/30/2022,73,34,27,28,4,6
1/31/2022,77,44,29,16,3,6
10/1/2021,77,28,46,23,3,5
10/2/2021,53,40,48,21,3,6
10/3/2021,83,41,33,18,3,4
10/4/2021,65,39,34,14,3,3
10/5/2021,60,8,13,15,2,4
10/6/2021,11,14,19,20,3,5
10/7/2021,27,21,10,24,3,5
10/8/2021,51,11,19,17,3,4
10/9/2021,19,19,29,16,3,5
10/10/2021,46,27,22,13,2,4
10/11/2021,41,12,27,13,3,3
10/12/2021,15,13,29,18,3,3
10/13/2021,17,22,33,24,3,4
10/14/2021,41,25,26,18,3,4
10/15/2021,58,33,27,8,3,3
10/16/2021,37,22,25,7,2,3
10/17/2021,22,27,16,26,3,5
10/18/2021,44,30,30,25,3,5
10/19/2021,74,29,17,30,3,5
10/20/2021,66,35,22,37,4,6
10/21/2021,77,39,25,35,4,7
10/22/2021,77,41,22,39,4,7
10/23/2021,79,31,37,32,4,6
10/24/2021,72,30,33,38,3,5
10/25/2021,68,48,32,47,5,7
10/26/2021,96,51,31,34,4,7
10/27/2021,105,31,19,38,4,7
10/28/2021,57,24,28,31,3,5
10/29/2021,41,24,15,37,3,5
10/30/2021,49,34,33,28,4,6
10/31/2021,78,39,29,29,4,7
11/1/2021,88,44,27,29,4,6
11/2/2021,91,44,28,37,4,5
11/3/2021,98,52,8,49,4,7
11/4/2021,116,59,20,50,4,6
11/5/2021,133,54,26,44,5,7
11/6/2021,105,35,28,31,4,6
11/7/2021,73,10,23,15,3,3
11/8/2021,17,10,21,20,3,3
11/9/2021,21,13,19,13,3,4
11/10/2021,29,19,20,19,3,4
11/11/2021,31,19,22,13,3,4
11/12/2021,33,25,15,34,4,5
11/13/2021,46,52,34,36,5,7
11/14/2021,101,61,18,45,4,9
11/15/2021,98,54,24,40,5,7
11/16/2021,90,38,13,45,5,6
11/17/2021,74,57,43,44,5,6
11/18/2021,102,82,35,38,4,8
11/19/2021,146,107,23,54,4,11
11/20/2021,186,97,23,50,5,12
11/21/2021,178,43,21,14,3,4
11/22/2021,64,31,17,20,3,4
11/23/2021,46,30,17,37,4,6
11/24/2021,57,47,20,39,5,6
11/25/2021,78,26,17,29,4,5
11/26/2021,54,38,14,37,4,6
11/27/2021,80,47,10,50,5,9
11/28/2021,108,55,8,58,6,10
11/29/2021,124,25,23,32,3,6
11/30/2021,65,18,21,11,3,3
12/1/2021,43,26,10,29,4,5
12/2/2021,60,23,18,21,3,4
12/3/2021,38,23,14,28,6,5
12/4/2021,51,35,13,39,4,8
12/5/2021,86,48,7,55,5,10
12/6/2021,99,49,10,57,5,8
12/7/2021,101,37,7,51,5,9
12/8/2021,83,36,2,45,4,8
12/9/2021,80,33,2,43,4,8
12/10/2021,74,59,12,38,4,8
12/11/2021,133,41,23,17,3,6
12/12/2021,88,22,18,23,3,5
12/13/2021,41,37,7,46,4,6
12/14/2021,73,66,14,46,4,9
12/15/2021,132,76,28,45,4,11
12/16/2021,158,38,22,13,3,4
12/17/2021,68,26,17,35,4,5
12/18/2021,55,35,17,29,4,5
12/19/2021,62,49,15,54,5,8
12/20/2021,100,60,22,47,4,10
12/21/2021,122,35,11,41,4,6
12/22/2021,71,43,7,55,4,10
12/23/2021,88,44,21,40,4,7
12/24/2021,99,26,23,11,3,3
12/25/2021,57,16,21,11,3,4
12/26/2021,40,33,14,41,4,7
12/27/2021,72,53,2,51,4,11
12/28/2021,121,59,17,45,5,11
12/29/2021,142,31,24,22,5,4
12/30/2021,64,24,25,13,4,4
12/31/2021,29,31,13,39,4,7
1/1/2022,66,38,21,33,4,7
1/2/2022,91,28,7,44,4,7
7/1/2021,86,23,42,47,3,4
7/2/2021,61,12,28,25,3,3
7/3/2021,32,8,24,9,2,3
7/4/2021,18,21,44,20,3,5
7/5/2021,42,45,82,29,3,5
7/6/2021,89,32,37,26,4,5
7/7/2021,74,25,45,22,4,4
7/8/2021,62,17,34,21,3,4
7/9/2021,39,25,53,15,4,4
7/10/2021,63,30,47,12,4,4
7/11/2021,70,27,64,22,3,4
7/12/2021,70,30,37,25,4,3
7/13/2021,71,24,27,20,4,3
7/14/2021,50,20,38,20,4,3
7/15/2021,44,19,45,17,3,3
7/16/2021,41,14,30,13,3,3
7/17/2021,35,12,43,9,4,3
7/18/2021,32,13,24,18,4,3
7/19/2021,32,20,36,27,3,3
7/20/2021,47,21,37,22,3,4
7/21/2021,55,24,41,20,4,3
7/22/2021,59,28,58,20,3,3
7/23/2021,70,27,50,20,4,4
7/24/2021,69,20,50,12,3,3
7/25/2021,59,20,51,13,4,3
7/26/2021,56,27,57,18,3,4
7/27/2021,68,34,77,21,3,4
7/28/2021,85,48,74,24,4,5
7/29/2021,112,29,54,20,4,4
7/30/2021,68,23,55,12,4,3
7/31/2021,57,29,45,12,3,4
8/1/2021,71,14,31,18,4,3
8/2/2021,33,18,30,20,3,4
8/3/2021,45,22,31,19,4,4
8/4/2021,55,23,44,16,4,3
8/5/2021,60,17,23,16,4,3
8/6/2021,43,14,46,14,3,3
8/7/2021,28,18,40,12,3,3
8/8/2021,42,10,42,11,3,3
8/9/2021,20,19,45,18,4,4
8/10/2021,44,32,84,19,3,4
8/11/2021,78,36,68,20,3,5
8/12/2021,87,26,32,20,3,4
8/13/2021,66,13,38,9,3,3
8/14/2021,30,10,40,8,3,2
8/15/2021,24,18,44,11,3,3
8/16/2021,44,15,35,13,3,3
8/17/2021,37,10,33,11,3,2
8/18/2021,19,19,35,14,3,3
8/19/2021,37,29,48,24,4,4
8/20/2021,52,18,37,15,3,4
8/21/2021,38,28,48,13,3,5
8/22/2021,62,27,30,25,4,6
8/23/2021,64,11,26,16,3,3
8/24/2021,21,16,22,24,3,4
8/25/2021,33,35,32,29,3,5
8/26/2021,64,30,27,25,4,4
8/27/2021,53,35,56,25,4,4
8/28/2021,68,31,43,14,3,4
8/29/2021,74,39,42,23,3,6
8/30/2021,82,31,27,22,3,6
8/31/2021,70,5,30,13,2,4
9/1/2021,10,12,36,16,4,4
9/2/2021,22,13,41,12,3,3
9/3/2021,26,9,38,9,2,3
9/4/2021,14,9,37,7,2,2
9/5/2021,15,15,33,12,3,3
9/6/2021,29,8,29,19,3,3
9/7/2021,18,11,34,17,3,3
9/8/2021,18,26,49,28,3,5
9/9/2021,57,28,54,27,3,5
9/10/2021,63,29,73,18,4,4
9/11/2021,74,21,50,16,3,4
9/12/2021,52,26,45,18,2,4
9/13/2021,55,21,34,16,3,3
9/14/2021,39,14,37,11,3,3
9/15/2021,23,11,33,14,3,3
9/16/2021,16,10,30,11,3,3
9/17/2021,17,8,40,12,3,3
9/18/2021,18,10,39,13,2,3
9/19/2021,17,10,36,10,2,3
9/20/2021,23,14,49,7,2,4
9/21/2021,36,11,45,9,3,4
9/22/2021,22,16,36,13,3,3
9/23/2021,28,17,34,17,3,4
9/24/2021,39,7,18,12,2,3
9/25/2021,12,6,31,8,3,3
9/26/2021,10,10,24,14,2,3
9/27/2021,14,11,19,17,3,4
9/28/2021,22,13,17,19,3,4
9/29/2021,31,21,27,24,3,5
9/30/2021,42,39,49,23,3,6
4/1/2021,59,48,38,25,4,4
4/2/2021,60,33,32,27,3,5
4/3/2021,56,10,37,10,3,3
4/4/2021,20,23,33,20,3,4
4/5/2021,47,44,44,30,4,5
4/6/2021,86,55,36,34,4,6
4/7/2021,110,37,39,18,3,4
4/8/2021,65,35,39,20,3,4
4/9/2021,66,36,50,20,4,4
4/10/2021,69,47,49,26,4,5
4/11/2021,88,39,29,34,4,4
4/12/2021,76,15,32,14,3,3
4/13/2021,36,28,37,16,3,4
4/14/2021,62,51,41,31,4,5
4/15/2021,89,61,28,31,3,5
4/16/2021,75,73,34,27,3,4
4/17/2021,71,33,37,12,3,4
4/18/2021,55,45,53,27,4,4
4/19/2021,78,56,74,35,5,5
4/20/2021,97,69,69,51,6,6
4/21/2021,122,71,63,37,7,6
4/22/2021,130,44,46,22,4,4
4/23/2021,79,23,39,16,3,3
4/24/2021,48,26,41,15,3,3
4/25/2021,52,31,44,16,2,3
4/26/2021,55,34,35,23,4,4
4/27/2021,62,59,34,26,4,5
4/28/2021,91,63,51,30,4,5
4/29/2021,85,35,42,20,3,4
4/30/2021,69,27,35,14,3,4
5/1/2021,61,16,42,9,3,3
5/2/2021,30,37,45,20,4,5
5/3/2021,75,30,17,36,4,6
5/4/2021,73,42,37,14,3,4
5/5/2021,50,67,52,28,4,5
5/6/2021,73,306,27,22,3,4
5/7/2021,151,402,46,17,3,5
5/8/2021,189,54,49,13,3,3
5/9/2021,50,20,18,35,4,4
5/10/2021,45,21,35,22,3,4
5/11/2021,41,24,45,21,3,4
5/12/2021,42,47,75,35,4,5
5/13/2021,88,56,57,36,5,6
5/14/2021,107,47,25,27,4,5
5/15/2021,105,7,23,9,3,4
5/16/2021,16,11,24,12,3,4
5/17/2021,19,31,38,26,4,4
5/18/2021,63,36,65,27,4,5
5/19/2021,75,25,41,27,3,4
5/20/2021,51,13,39,17,2,4
5/21/2021,28,29,47,20,3,4
5/22/2021,65,38,59,18,4,4
5/23/2021,86,91,38,18,3,4
5/24/2021,104,84,41,19,3,4
5/25/2021,100,50,43,20,3,4
5/26/2021,68,42,40,18,3,5
5/27/2021,74,45,48,21,3,6
5/28/2021,85,21,34,17,3,4
5/29/2021,49,27,52,15,3,3
5/30/2021,57,38,42,19,3,4
5/31/2021,77,41,31,26,4,5
6/1/2021,82,55,63,27,5,5
6/2/2021,101,33,35,26,3,5
6/3/2021,71,28,53,18,4,4
6/4/2021,49,47,56,18,4,5
6/5/2021,83,60,80,12,2,5
6/6/2021,117,40,39,29,4,5
6/7/2021,68,45,56,33,4,5
6/8/2021,88,43,104,32,4,5
6/9/2021,83,53,51,35,4,5
6/10/2021,92,21,37,16,4,3
6/11/2021,56,22,40,16,4,3
6/12/2021,55,33,64,20,4,4
6/13/2021,77,42,67,34,5,5
6/14/2021,92,26,24,20,3,5
6/15/2021,65,10,29,10,3,3
6/16/2021,17,17,26,16,3,3
6/17/2021,33,17,28,18,3,4
6/18/2021,46,47,72,18,4,5
6/19/2021,101,49,89,16,4,5
6/20/2021,105,44,55,16,3,4
6/21/2021,93,22,45,19,4,3
6/22/2021,52,19,45,17,3,4
6/23/2021,44,33,48,22,3,4
6/24/2021,73,42,53,22,3,5
6/25/2021,92,21,47,14,3,4
6/26/2021,58,17,49,11,3,3
6/27/2021,43,17,25,21,2,4
6/28/2021,53,27,43,23,3,5
6/29/2021,73,40,42,43,4,6
6/30/2021,89,36,60,52,3,5
1/4/2021,83,30,22,22,3,5
1/5/2021,61,26,20,28,3,5
1/6/2021,58,31,22,11,4,4
1/7/2021,49,19,21,14,4,4
1/8/2021,44,26,22,19,7,5
1/9/2021,66,34,11,38,5,7
1/10/2021,86,46,5,48,5,9
1/11/2021,108,57,3,53,4,10
1/12/2021,140,77,8,47,5,9
1/13/2021,136,66,10,44,5,8
1/14/2021,98,63,14,48,5,9
1/15/2021,110,36,26,19,4,5
1/16/2021,115,14,22,19,4,4
1/17/2021,60,30,25,27,4,4
1/18/2021,70,34,19,39,4,5
1/19/2021,63,46,5,57,5,6
1/20/2021,94,51,2,57,5,7
1/21/2021,107,35,3,45,4,7
1/22/2021,93,9,25,25,4,5
1/23/2021,30,10,22,30,3,6
1/24/2021,39,23,10,43,4,7
1/25/2021,64,41,24,49,5,8
1/26/2021,98,40,21,29,4,6
1/27/2021,74,36,30,32,4,6
1/28/2021,67,25,25,17,4,4
1/29/2021,42,44,11,44,4,7
1/30/2021,79,52,13,48,5,9
1/31/2021,92,54,18,51,4,8
2/1/2021,104,33,22,30,4,5
2/2/2021,66,32,16,35,5,6
2/3/2021,66,24,19,35,4,5
2/4/2021,61,28,17,45,5,6
2/5/2021,69,54,33,36,4,7
2/6/2021,113,67,32,18,3,7
2/7/2021,133,29,22,14,4,4
2/8/2021,66,24,16,31,4,5
2/9/2021,62,35,20,44,5,6
2/10/2021,83,61,24,41,5,7
2/11/2021,141,72,31,45,6,9
2/12/2021,163,78,30,53,5,10
2/13/2021,168,74,25,61,6,11
2/14/2021,165,51,27,27,3,6
2/15/2021,105,23,28,19,2,4
2/16/2021,58,44,25,11,3,3
2/17/2021,50,44,23,16,4,4
2/18/2021,64,48,29,34,5,6
2/19/2021,89,65,25,43,5,8
2/20/2021,125,67,46,40,5,9
2/21/2021,133,57,32,33,4,6
2/22/2021,97,50,28,16,4,4
2/23/2021,60,54,21,38,4,6
2/24/2021,75,57,4,61,5,9
2/25/2021,104,41,23,40,4,7
2/26/2021,79,17,24,20,3,4
2/27/2021,41,25,20,29,3,5
2/28/2021,57,18,22,28,2,5
3/1/2021,41,9,27,22,3,4
3/2/2021,22,42,16,45,4,7
3/3/2021,87,49,10,50,4,7
3/4/2021,101,43,27,40,4,8
3/5/2021,92,29,26,25,2,5
3/6/2021,71,24,26,17,3,4
3/7/2021,55,47,24,36,3,6
3/8/2021,96,49,27,43,4,7
3/9/2021,103,77,22,60,5,8
3/10/2021,163,95,32,67,5,11
3/11/2021,180,59,34,43,4,8
3/12/2021,130,53,35,28,3,6
3/13/2021,116,68,36,29,3,7
3/14/2021,147,73,36,37,4,9
3/15/2021,156,76,31,17,3,4
3/16/2021,70,79,20,33,4,5
3/17/2021,73,80,26,56,5,7
3/18/2021,121,68,30,36,4,5
3/19/2021,94,29,31,26,3,4
3/20/2021,55,45,34,12,3,5
3/21/2021,109,40,31,21,3,4
3/22/2021,69,71,39,33,5,7
3/23/2021,107,60,40,32,4,5
3/24/2021,102,59,49,40,4,6
3/25/2021,109,89,15,58,5,9
3/26/2021,167,58,25,51,3,7
3/27/2021,120,19,32,18,2,5
3/28/2021,56,206,28,24,3,5
3/29/2021,112,108,32,34,4,4
3/30/2021,98,48,26,46,4,7
3/31/2021,73,45,36,29,3,5
10/1/2020,41,23,36,15,3,4
10/2/2020,57,37,36,13,3,5
10/3/2020,66,27,40,8,3,4
10/4/2020,57,24,21,12,4,4
10/5/2020,36,23,25,17,4,4
10/6/2020,47,26,17,24,4,5
10/7/2020,56,15,29,18,3,4
10/8/2020,33,16,33,16,3,3
10/9/2020,35,17,38,17,3,4
10/10/2020,39,20,29,17,4,4
10/11/2020,51,37,29,26,3,5
10/12/2020,75,26,24,22,3,4
10/13/2020,44,34,27,27,4,5
10/14/2020,57,35,15,27,4,4
10/15/2020,51,39,7,42,4,7
10/16/2020,71,34,25,30,4,6
10/17/2020,73,31,42,28,4,6
10/18/2020,69,58,41,39,6,8
10/19/2020,117,65,32,49,5,9
10/20/2020,132,47,10,50,4,8
10/21/2020,87,65,27,30,4,6
10/22/2020,96,28,22,14,3,4
10/23/2020,41,29,26,19,3,4
10/24/2020,47,32,27,33,5,7
10/25/2020,68,54,33,43,5,9
10/26/2020,104,72,33,52,6,10
10/27/2020,149,51,22,25,4,5
10/28/2020,92,41,19,33,4,5
10/29/2020,62,45,15,40,6,6
10/30/2020,69,29,30,32,4,6
10/31/2020,62,41,22,24,3,6
11/1/2020,91,51,20,29,4,6
11/2/2020,73,23,21,11,3,3
11/3/2020,33,32,21,22,3,4
11/4/2020,46,39,10,48,5,7
11/5/2020,72,50,7,56,6,8
11/6/2020,97,76,37,29,5,7
11/7/2020,129,57,23,14,4,5
11/8/2020,60,29,13,22,4,4
11/9/2020,36,29,20,32,4,5
11/10/2020,51,47,8,51,5,8
11/11/2020,80,61,9,69,6,9
11/12/2020,130,70,17,67,6,11
11/13/2020,135,69,25,50,5,7
11/14/2020,136,68,31,47,5,10
11/15/2020,156,66,16,53,5,11
11/16/2020,152,62,16,46,4,9
11/17/2020,136,44,4,37,3,7
11/18/2020,105,18,18,16,3,5
11/19/2020,42,24,17,15,3,4
11/20/2020,62,27,12,26,3,5
11/21/2020,75,29,20,18,3,4
11/22/2020,80,27,15,20,3,4
11/23/2020,66,28,6,39,4,6
11/24/2020,66,40,8,43,5,7
11/25/2020,89,58,10,46,6,9
11/26/2020,131,45,16,29,5,7
11/27/2020,102,24,19,14,4,4
11/28/2020,56,27,20,18,4,4
11/29/2020,64,28,17,26,4,5
11/30/2020,66,33,12,31,4,6
12/1/2020,75,35,14,31,4,5
12/2/2020,76,30,21,21,5,5
12/3/2020,65,32,15,28,4,5
12/4/2020,73,40,11,44,4,8
12/5/2020,87,48,18,40,4,8
12/6/2020,108,54,27,33,5,8
12/7/2020,129,25,23,25,4,4
12/8/2020,62,42,4,51,6,8
12/9/2020,88,61,10,51,6,9
12/10/2020,132,83,14,52,5,13
12/11/2020,169,54,22,31,6,7
12/12/2020,114,39,25,28,4,5
12/13/2020,90,23,21,14,3,4
12/14/2020,51,19,20,16,4,4
12/15/2020,44,24,19,18,5,5
12/16/2020,55,30,10,40,5,7
12/17/2020,72,37,19,32,5,7
12/18/2020,83,28,19,19,4,4
12/19/2020,59,28,20,26,5,6
12/20/2020,66,42,7,54,5,11
12/21/2020,96,53,12,57,6,11
12/22/2020,123,63,17,55,5,11
12/23/2020,148,51,22,31,4,6
12/24/2020,109,24,22,24,5,5
12/25/2020,52,43,13,47,5,10
12/26/2020,97,51,16,45,5,9
12/27/2020,116,59,9,57,4,11
12/28/2020,139,62,19,40,4,10
12/29/2020,141,37,20,12,3,4
12/30/2020,54,30,19,21,4,5
12/31/2020,50,28,20,29,4,6
1/1/2021,68,35,23,16,4,5
1/2/2021,50,40,21,20,4,5
1/3/2021,60,41,8,43,5,7
7/1/2020,47,52,67,21,3,6
7/2/2020,121,38,32,19,3,5
7/3/2020,86,23,46,14,3,3
7/4/2020,62,29,57,14,3,4
7/5/2020,69,27,51,19,3,4
7/6/2020,72,18,30,15,3,4
7/7/2020,47,32,54,20,3,4
7/8/2020,55,43,62,25,3,6
7/9/2020,97,16,31,15,2,3
7/10/2020,40,8,37,10,2,3
7/11/2020,15,12,28,11,3,3
7/12/2020,33,8,24,12,2,2
7/13/2020,19,7,23,11,2,3
7/14/2020,11,12,24,14,3,2
7/15/2020,21,31,50,23,3,4
7/16/2020,68,38,45,24,3,5
7/17/2020,78,35,62,24,3,5
7/18/2020,85,16,31,12,2,4
7/19/2020,49,14,27,12,2,5
7/20/2020,48,32,47,19,3,4
7/21/2020,73,24,21,28,4,5
7/22/2020,63,14,35,18,2,4
7/23/2020,43,6,32,10,3,3
7/24/2020,11,5,20,9,3,3
7/25/2020,9,10,29,13,3,3
7/26/2020,22,14,18,15,3,4
7/27/2020,34,12,17,15,3,4
7/28/2020,26,12,12,20,3,4
7/29/2020,28,20,31,21,3,4
7/30/2020,57,25,27,19,3,4
7/31/2020,57,15,15,11,3,3
8/1/2020,36,11,15,10,3,2
8/2/2020,25,13,16,12,3,3
8/3/2020,25,36,8,11,3,2
8/4/2020,57,33,4,16,5,4
8/5/2020,78,17,16,14,3,4
8/6/2020,36,30,16,23,4,5
8/7/2020,75,14,11,16,3,4
8/8/2020,35,10,15,10,2,4
8/9/2020,21,13,7,15,2,3
8/10/2020,31,11,20,19,3,3
8/11/2020,39,25,19,23,3,2
8/12/2020,60,28,23,17,3,3
8/13/2020,58,32,31,13,3,3
8/14/2020,72,36,39,16,3,3
8/15/2020,97,23,20,8,3,2
8/16/2020,59,29,28,11,3,2
8/17/2020,58,33,36,18,3,3
8/18/2020,79,44,27,15,3,2
8/19/2020,106,39,38,17,4,2
8/20/2020,97,30,15,21,4,3
8/21/2020,78,14,14,12,3,3
8/22/2020,41,10,27,8,3,3
8/23/2020,35,20,19,12,4,2
8/24/2020,57,27,19,26,4,2
8/25/2020,74,19,13,34,3,2
8/26/2020,55,17,16,19,3,3
8/27/2020,50,23,22,17,3,4
8/28/2020,56,15,13,24,2,4
8/29/2020,41,14,25,22,3,3
8/30/2020,25,10,10,31,3,3
8/31/2020,13,15,17,38,3,3
9/1/2020,21,12,5,31,3,3
9/2/2020,19,13,27,18,4,2
9/3/2020,20,22,35,26,3,4
9/4/2020,42,33,41,24,4,5
9/5/2020,77,21,33,12,3,3
9/6/2020,59,6,38,8,3,3
9/7/2020,12,24,39,11,3,4
9/8/2020,52,29,37,20,3,5
9/9/2020,71,29,45,22,4,5
9/10/2020,74,25,27,22,3,4
9/11/2020,66,9,30,12,4,4
9/12/2020,25,7,29,8,3,3
9/13/2020,13,23,33,16,3,5
9/14/2020,51,38,42,22,4,5
9/15/2020,87,30,25,29,4,4
9/16/2020,69,22,28,17,4,3
9/17/2020,43,21,32,13,4,3
9/18/2020,22,19,31,16,3,4
9/19/2020,35,18,30,11,4,3
9/20/2020,41,24,22,23,3,4
9/21/2020,46,14,27,16,3,4
9/22/2020,33,9,26,11,3,3
9/23/2020,14,9,26,10,3,3
9/24/2020,13,12,25,13,3,3
9/25/2020,20,14,29,12,3,3
9/26/2020,25,13,31,11,3,3
9/27/2020,30,23,26,26,3,4
9/28/2020,50,30,31,19,3,4
9/29/2020,67,31,33,14,3,5
9/30/2020,72,16,37,9,3,3
4/1/2020,105,41,31,29,4,5
4/2/2020,84,57,43,32,4,5
4/3/2020,112,60,32,19,4,4
4/4/2020,93,46,43,15,3,3
4/5/2020,72,57,36,39,5,5
4/6/2020,81,60,43,31,5,4
4/7/2020,94,47,37,15,4,3
4/8/2020,68,51,39,20,4,4
4/9/2020,82,47,37,28,4,4
4/10/2020,87,43,33,26,4,4
4/11/2020,79,33,46,15,3,4
4/12/2020,72,23,40,14,2,3
4/13/2020,45,52,46,38,4,5
4/14/2020,93,60,60,38,4,5
4/15/2020,120,53,47,39,5,5
4/16/2020,86,42,27,28,3,4
4/17/2020,75,31,35,17,3,3
4/18/2020,53,27,33,21,3,4
4/19/2020,63,17,35,17,2,4
4/20/2020,35,33,36,13,3,2
4/21/2020,38,71,31,12,2,3
4/22/2020,43,48,30,13,4,3
4/23/2020,52,45,44,20,4,4
4/24/2020,51,58,61,16,4,4
4/25/2020,80,33,43,11,4,3
4/26/2020,54,37,40,20,4,4
4/27/2020,67,41,48,26,4,4
4/28/2020,74,52,54,25,4,4
4/29/2020,93,40,48,26,3,3
4/30/2020,68,54,44,11,2,3
5/1/2020,93,53,43,12,3,3
5/2/2020,91,30,39,12,2,3
5/3/2020,61,40,32,19,2,4
5/4/2020,62,41,24,27,3,4
5/5/2020,72,36,41,25,3,4
5/6/2020,64,31,35,21,3,3
5/7/2020,49,29,39,26,3,3
5/8/2020,46,14,35,16,3,3
5/9/2020,32,30,45,13,4,5
5/10/2020,73,97,42,21,3,5
5/11/2020,108,48,37,17,3,4
5/12/2020,62,34,34,23,3,3
5/13/2020,36,43,35,37,4,4
5/14/2020,32,32,23,27,3,4
5/15/2020,46,25,22,25,2,5
5/16/2020,51,38,34,16,2,4
5/17/2020,88,34,35,22,2,5
5/18/2020,82,15,27,14,2,3
5/19/2020,25,8,23,14,2,3
5/20/2020,16,22,26,26,3,2
5/21/2020,43,50,36,31,3,4
5/22/2020,107,55,49,23,5,4
5/23/2020,115,27,35,12,3,3
5/24/2020,68,42,35,24,3,5
5/25/2020,100,46,36,27,3,5
5/26/2020,101,26,37,23,3,4
5/27/2020,59,31,39,39,5,6
5/28/2020,72,39,32,42,4,6
5/29/2020,80,43,61,42,4,6
5/30/2020,94,41,56,25,4,5
5/31/2020,96,23,30,31,4,4
6/1/2020,49,27,39,31,3,6
6/2/2020,58,51,52,17,3,4
6/3/2020,89,51,44,17,2,4
6/4/2020,87,50,52,20,2,4
6/5/2020,89,56,84,22,3,6
6/6/2020,106,47,59,13,3,4
6/7/2020,95,43,59,20,3,4
6/8/2020,84,51,58,27,3,4
6/9/2020,83,48,50,29,4,4
6/10/2020,81,30,35,17,4,4
6/11/2020,62,47,30,39,4,5
6/12/2020,75,54,102,28,4,4
6/13/2020,88,41,46,14,4,4
6/14/2020,82,31,36,19,4,4
6/15/2020,57,57,99,21,4,7
6/16/2020,116,53,70,31,5,7
6/17/2020,111,41,46,25,4,5
6/18/2020,83,25,44,16,2,3
6/19/2020,58,42,77,23,3,5
6/20/2020,84,38,78,14,3,4
6/21/2020,78,45,66,24,3,4
6/22/2020,83,45,59,35,5,4
6/23/2020,88,30,30,22,3,4
6/24/2020,69,14,24,17,3,4
6/25/2020,36,25,40,15,4,4
6/26/2020,55,27,52,19,3,4
6/27/2020,70,32,46,10,3,3
6/28/2020,78,36,37,21,3,5
6/29/2020,91,9,47,10,3,3
6/30/2020,19,22,26,20,3,4
1/1/2020,89,60,3,49,5,11
1/2/2020,133,64,13,46,6,11
1/3/2020,141,58,17,47,6,12
1/4/2020,127,56,8,54,6,12
1/5/2020,121,43,4,23,5,9
1/6/2020,99,10,9,19,4,6
1/7/2020,30,28,20,13,3,8
1/8/2020,67,52,19,23,4,7
1/9/2020,126,61,8,46,5,10
1/10/2020,144,56,21,43,5,10
1/11/2020,132,48,22,23,6,7
1/12/2020,115,29,18,24,4,4
1/13/2020,69,33,12,39,4,7
1/14/2020,80,41,15,36,5,7
1/15/2020,88,45,12,38,5,8
1/16/2020,96,59,6,56,6,10
1/17/2020,118,61,14,51,7,10
1/18/2020,124,59,23,45,5,11
1/19/2020,130,56,22,31,4,7
1/20/2020,98,48,16,47,7,7
1/21/2020,63,51,5,59,5,9
1/22/2020,72,61,22,49,6,10
1/23/2020,119,65,19,35,4,10
1/24/2020,152,52,11,43,4,9
1/25/2020,117,30,27,27,3,6
1/26/2020,68,10,32,11,3,3
1/27/2020,20,12,21,22,4,4
1/28/2020,24,17,15,32,4,5
1/29/2020,35,20,19,32,4,6
1/30/2020,43,29,15,31,3,6
1/31/2020,63,63,23,43,5,11
2/1/2020,139,65,22,35,5,10
2/2/2020,147,30,30,18,4,4
2/3/2020,64,27,23,29,4,5
2/4/2020,63,27,25,14,4,4
2/5/2020,47,44,17,34,5,6
2/6/2020,79,41,15,38,4,7
2/7/2020,86,44,25,17,4,6
2/8/2020,99,40,25,28,5,6
2/9/2020,86,52,19,49,5,8
2/10/2020,106,59,11,64,6,11
2/11/2020,116,51,7,60,5,11
2/12/2020,115,65,14,42,3,9
2/13/2020,152,75,14,53,4,11
2/14/2020,163,64,22,41,4,9
2/15/2020,146,26,25,16,2,6
2/16/2020,69,30,27,15,3,4
2/17/2020,70,26,23,24,4,4
2/18/2020,65,37,11,52,4,8
2/19/2020,89,61,10,57,4,9
2/20/2020,142,62,22,51,4,8
2/21/2020,134,64,30,19,3,6
2/22/2020,109,27,31,21,4,4
2/23/2020,48,40,15,49,5,6
2/24/2020,76,22,27,31,3,5
2/25/2020,48,19,22,28,3,5
2/26/2020,38,15,21,26,3,4
2/27/2020,29,28,7,45,3,6
2/28/2020,73,27,22,30,3,5
2/29/2020,71,49,24,34,4,8
3/1/2020,112,43,30,21,4,5
3/2/2020,96,40,26,43,4,6
3/3/2020,93,44,33,17,4,5
3/4/2020,100,39,25,21,4,4
3/5/2020,89,40,14,49,4,5
3/6/2020,85,57,18,52,5,6
3/7/2020,125,60,38,44,4,6
3/8/2020,143,61,30,53,4,7
3/9/2020,134,41,25,28,3,6
3/10/2020,99,38,25,18,3,3
3/11/2020,49,38,28,32,4,4
3/12/2020,58,35,28,16,4,4
3/13/2020,52,41,34,19,4,4
3/14/2020,73,45,35,15,3,4
3/15/2020,70,27,26,20,3,4
3/16/2020,51,49,22,36,4,5
3/17/2020,79,58,31,35,5,6
3/18/2020,114,58,49,19,4,4
3/19/2020,79,46,29,21,4,4
3/20/2020,38,54,40,26,4,4
3/21/2020,61,39,40,12,4,3
3/22/2020,61,47,34,31,5,5
3/23/2020,97,59,31,40,5,6
3/24/2020,116,53,43,46,6,6
3/25/2020,102,54,39,41,5,6
3/26/2020,106,46,28,17,3,4
3/27/2020,81,37,31,11,3,3
3/28/2020,30,44,41,17,4,4
3/29/2020,59, , , , , 
10/1/2019,104,25,8,24,4,5
10/2/2019,59,9,20,15,4,3
10/3/2019,19,30,26,28,5,6
10/4/2019,68,43,21,17,4,6
10/5/2019,82,12,29,12,3,3
10/6/2019,20,11,17,25,4,5
10/7/2019,26,25,27,23,4,5
10/8/2019,43,26,25,28,4,5
10/9/2019,40,33,11,43,5,6
10/10/2019,58,39,24,33,5,6
10/11/2019,62,29,22,16,4,4
10/12/2019,43,24,21,16,3,5
10/13/2019,43,39,22,19,4,7
10/14/2019,61,26,16,22,4,7
10/15/2019,39,34,21,24,4,7
10/16/2019,61,33,20,24,4,7
10/17/2019,66,19,21,23,4,6
10/18/2019,39,22,28,25,4,5
10/19/2019,45,41,32,31,4,7
10/20/2019,87,45,28,46,4,8
10/21/2019,90,40,25,44,5,7
10/22/2019,86,23,22,31,4,6
10/23/2019,54,29,32,23,4,5
10/24/2019,61,25,23,26,5,5
10/25/2019,51,24,25,17,4,5
10/26/2019,59,26,25,25,4,6
10/27/2019,64,34,25,35,5,6
10/28/2019,75,78,26,23,4,5
10/29/2019,73,28,17,34,5,6
10/30/2019,47,69,36,40,5,7
10/31/2019,94,82,25,40,5,8
11/1/2019,124,64,14,59,7,10
11/2/2019,128,49,28,32,5,7
11/3/2019,105,13,18,30,4,5
11/4/2019,29,35,24,43,6,7
11/5/2019,78,50,12,49,6,9
11/6/2019,106,50,25,32,5,6
11/7/2019,81,45,18,38,5,7
11/8/2019,58,39,8,58,7,9
11/9/2019,73,32,11,45,6,7
11/10/2019,77,21,16,37,5,6
11/11/2019,59,32,5,51,7,8
11/12/2019,74,30,5,44,6,8
11/13/2019,76,19,20, ,4,4
11/14/2019,27,25,5,42,4,7
11/15/2019,55,36,6,40,4,9
11/16/2019,80,28,11,39,5,7
11/17/2019,62,61,25,18,3,5
11/18/2019,46,33,23,18,4,4
11/19/2019,37,24,16,37,5,6
11/20/2019,48,41,6,50,6,8
11/21/2019,75,50,7,52,6,10
11/22/2019,84,36,8,55,5,9
11/23/2019,77,32,15,40,5,9
11/24/2019,77,29,14,21,4,6
11/25/2019,62,27,4,36,5,7
11/26/2019,66,41,15,24,5,7
11/27/2019,85,41,11,32,6,7
11/28/2019,81,45,13,39,6,6
11/29/2019,91,47,5,55,6,9
11/30/2019,103,43,8,43,4,8
12/1/2019,109,25,22,19,6,5
12/2/2019,54,32,11,44,5,6
12/3/2019,64,33,18,33,6,6
12/4/2019,68,25,25,14,6,5
12/5/2019,46,34,17,24,5,5
12/6/2019,63,49,5,44,6,9
12/7/2019,100,56,14,34,5,9
12/8/2019,133,63,9,39,6,9
12/9/2019,148,84,15,60,6,13
12/10/2019,162,68,23,34,5,8
12/11/2019,139,20,16,25,4,5
12/12/2019,59,27,5,48,6,8
12/13/2019,70,41,16,30,5,7
12/14/2019,95,39,10,48,4,10
12/15/2019,95,43,4,56,6,11
12/16/2019,88,31,11,40,5,8
12/17/2019,78,42,14,30,5,7
12/18/2019,95,29,16,32,5,6
12/19/2019,68,32,17,31,6,6
12/20/2019,76,38,3,49,5,8
12/21/2019,89,60,11,46,5,9
12/22/2019,144,54,14,40,4,10
12/23/2019,134,67,8,49,5,12
12/24/2019,155,54,5,52,4,11
12/25/2019,129,50,16,39,5,8
12/26/2019,115,39,23,29,5,7
12/27/2019,89,48,6,52,5,9
12/28/2019,96,49,8,43,4,8
12/29/2019,98, , , , , 
7/1/2019,81,33,50,22,8,4
7/2/2019,75,38,37,25,5,5
7/3/2019,88,32,43,29,5,4
7/4/2019,73,31,95,31,5,6
7/5/2019,68,22,65,16,5,5
7/6/2019,67,15,43,6,4,3
7/7/2019,51,8,36,9,4,2
7/8/2019,32,8,38,9,4,3
7/9/2019,36,6,32,10,3,3
7/10/2019,31,7,19,12,5,3
7/11/2019,12,18,28,19,5,3
7/12/2019,38,37,43,20,6,4
7/13/2019,83,42,61,20,4,5
7/14/2019,116,35,29,25,4,5
7/15/2019,98,36,35,26,4,5
7/16/2019,91,65,50,28,5,5
7/17/2019,152,67,104,32,6,5
7/18/2019,156,37,32,22,4,5
7/19/2019,84,8,13,12,3,3
7/20/2019,20,17,28,10,4,2
7/21/2019,33,48,36,20,5,3
7/22/2019,92,27,22,22,6,2
7/23/2019,52,25,171,22,5,3
7/24/2019,57,27,76,28,3,5
7/25/2019,68,19,22,23,4,3
7/26/2019,51,20,37,20,3,4
7/27/2019,52,13,19,13,3,3
7/28/2019,38,15,8,11,4,3
7/29/2019,37,21,15,13,4,3
7/30/2019,48,18,13,22,4,3
7/31/2019,41,14,17,16,4,3
8/1/2019,35,20,25,17,3,3
8/2/2019,47,22,46,22,4,4
8/3/2019,54,31,72,23,4,4
8/4/2019,73,39,47,24,4,3
8/5/2019,98,27,41,17,4,3
8/6/2019,72,21,11,32,3,3
8/7/2019,56,41,13,34,5,4
8/8/2019,94,23,26,25,4,3
8/9/2019,51,20,25,18,4,2
8/10/2019,48,17,23,9,3,2
8/11/2019,44,14,12,19,3,3
8/12/2019,54,25,38,24,5,3
8/13/2019,62,17,27,14,4,3
8/14/2019,45,8,9,10,4,2
8/15/2019,22,19,39,18,3,4
8/16/2019,38,33,41,19,4,4
8/17/2019,65,22,50,14,5,4
8/18/2019,54,22,48,22,3,5
8/19/2019,53,29,49,22,3,4
8/20/2019,71,33,41,23,5,4
8/21/2019,82,43,41,25,4,4
8/22/2019,101,34,35,29,5,6
8/23/2019,67,23,29,26,5,5
8/24/2019,43,17,45,18,4,4
8/25/2019,33,22,46,27,5,6
8/26/2019,52,23,50,22,4,4
8/27/2019,54,26,47,15,6,4
8/28/2019,55,25,45,14,6,5
8/29/2019,60,16,30,14,5,4
8/30/2019,34,18,36,14,5,4
8/31/2019,47,18,42,20,5,4
9/1/2019,54,25,38,30,6,6
9/2/2019,62,23,23,25,3,4
9/3/2019,52,9,23,22,3,4
9/4/2019,17,7,8,21,3,4
9/5/2019,17,14,14,20,4,4
9/6/2019,35,14,22,8,4,3
9/7/2019,22,38,30,12,4,5
9/8/2019,81,40,17,14,4,7
9/9/2019,88,13,20,13,4,4
9/10/2019,39,7,34,6,4,3
9/11/2019,21,8,23,7,4,3
9/12/2019,19,12,35,6,4,3
9/13/2019,25,16,20,21,4,4
9/14/2019,46,12,35,9,4,3
9/15/2019,36,9,31,14,5,3
9/16/2019,23,13,38,19,4,2
9/17/2019,35,25,36,18,5,3
9/18/2019,47,21,38,15,4,2
9/19/2019,38,22,14,22,5,3
9/20/2019,40,16,12,24,4,4
9/21/2019,31,7,37,11,3,2
9/22/2019,15,16,24,13,4,4
9/23/2019,28,26,31,30,4,5
9/24/2019,53,37,30,34,5,6
9/25/2019,70,33,20,36,4,5
9/26/2019,62,23,17,34,4,4
9/27/2019,45,31,30,32,4,5
9/28/2019,69,42,55,28,5,6
9/29/2019,92,55,44,43,5,6
9/30/2019,91,48,26,41,5,6
4/1/2019,57,35,34,33,6,5
4/2/2019,70,44,33,35,5,6
4/3/2019,83,39,37,34,5,5
4/4/2019,66,72,37,27,4,5
4/5/2019,94,63,23,48,5,7
4/6/2019,79,43,33,26,4,5
4/7/2019,73,44,36,26,5,5
4/8/2019,58,29,29,32,4,4
4/9/2019,48,8,37,21,4,4
4/10/2019,19,30,32,38,5,6
4/11/2019,66,57,37,43,6,6
4/12/2019,117,53,43,44,5,6
4/13/2019,116,43,40,25,5,5
4/14/2019,84,57,32,38,6,6
4/15/2019,71,51,32,48,5,7
4/16/2019,86,45,41,45,6,6
4/17/2019,82,45,25,33,5,5
4/18/2019,90,47,30,28,4,4
4/19/2019,83,49,38,28,4,5
4/20/2019,95,37,31,22,4,5
4/21/2019,87,85,41,45,6,7
4/22/2019,132,87,33,54,5,8
4/23/2019,148,62,34,33,5,6
4/24/2019,139,42,24,26,4,5
4/25/2019,74,10,26,19,4,4
4/26/2019,27,20,30,28,4,5
4/27/2019,47,21,41,20,5,4
4/28/2019,60,22,33,38,5,5
4/29/2019,71,41,40,42,5,6
4/30/2019,88,59,43,29,5,5
5/1/2019,106,55,36,27,5,4
5/2/2019,65,56,40,46,8,7
5/3/2019,107,74,62,50,6,8
5/4/2019,155,70,66,38,7,7
5/5/2019,139,39,41,11,4,3
5/6/2019,47,55,43,30,6,5
5/7/2019,73,57,55,31,7,6
5/8/2019,93,53,41,38,6,5
5/9/2019,94,66,52,48,7,7
5/10/2019,124,69,49,55,6,7
5/11/2019,131,61,80,40,7,6
5/12/2019,124,63,41,51,7,6
5/13/2019,132,46,54,33,6,4
5/14/2019,110,70,62,41,7,7
5/15/2019,153,69,58,39,6,6
5/16/2019,142,62,43,44,6,6
5/17/2019,130,34,36,20,5,4
5/18/2019,67,16,26,14,3,4
5/19/2019,45,41,32,16,5,4
5/20/2019,55,60,52,23,7,5
5/21/2019,84,63,53,27,8,6
5/22/2019,103,74,77,39,9,8
5/23/2019,141,79,105,51,7,8
5/24/2019,156,76,55,32,9,7
5/25/2019,137,46,67,27,6,5
5/26/2019,90,26,33,19,5,4
5/27/2019,62,26,35,19,5,3
5/28/2019,37,56,50,31,7,5
5/29/2019,92,53,54,34,6,6
5/30/2019,98,24,46,18,6,3
5/31/2019,55,39,49,20,5,5
6/1/2019,97,41,72,25,4,5
6/2/2019,90,45,53,34,6,6
6/3/2019,86,30,32,26,6,5
6/4/2019,76,51,38,31,5,5
6/5/2019,129,56,30,36,5,6
6/6/2019,129,19,50,13,4,4
6/7/2019,46,30,43,24,5,4
6/8/2019,70,42,51,19,5,5
6/9/2019,94,14,31,14,4,3
6/10/2019,37,17,36,17,4,3
6/11/2019,44,35,35,31,5,5
6/12/2019,72,34,45,42,5,5
6/13/2019,79,35,46,48,4,4
6/14/2019,81,39,40,17,4,4
6/15/2019,84,16,44,14,4,4
6/16/2019,48,25,40,23,6,4
6/17/2019,65,35,30,28,6,5
6/18/2019,89,36,39,19,4,5
6/19/2019,94,29,33, ,4,6
6/20/2019,70,30,36,22,4,4
6/21/2019,78,10,38,18,4,3
6/22/2019,22,11,40,11,4,3
6/23/2019,27,21,46,25,5,4
6/24/2019,50,31,56,28,5,5
6/25/2019,68,30,47,33,6,5
6/26/2019,63,19,37,22,5,4
6/27/2019,41,37,34,33,6,5
6/28/2019,81,23,31,22,4,4
6/29/2019,59,29,35,14,6,4
6/30/2019,74,34,47,20,5,4
1/1/2019,90,37,13,36,6,6
1/2/2019,82,40,6,44,5,7
1/3/2019,82,60,3,62,7,12
1/4/2019,135,61,17,30,5,6
1/5/2019,116,52,11,38,6,5
1/6/2019,86,56,11,50,8,9
1/7/2019,118,46,20,27,7,4
1/8/2019,76,53,13,36,7,5
1/9/2019,84,58,4,50,7,8
1/10/2019,112,70,5,57,8,12
1/11/2019,156,81,12,59,7,13
1/12/2019,166,90,18,49,7,15
1/13/2019,173,118,5,68,7,17
1/14/2019,204,104,16,32,6,10
1/15/2019,154,50,15,26,5,5
1/16/2019,72,47,16,40,7,7
1/17/2019,86,54,8,54,7,11
1/18/2019,113,81,11,62,8,12
1/19/2019,162,65,23,18,6,6
1/20/2019,105,47,11,42,6,6
1/21/2019,84,66,13,50,6,11
1/22/2019,116,69,22,42,7,10
1/23/2019,126,47,11,41,6,8
1/24/2019,82,50,22,30,6,6
1/25/2019,82,48,20,20,6,4
1/26/2019,78,41,17,36,5,7
1/27/2019,80,74,20,23,6,5
1/28/2019,86,67,8,46,6,7
1/29/2019,89,62,8,56,7,8
1/30/2019,114,69,15,13,6,5
1/31/2019,83,43,13,33,5,6
2/1/2019,71,57,7,52,5,8
2/2/2019,121,39,20,32,4,7
2/3/2019,107,67,24,21,5,5
2/4/2019,118,73,21,44,6,8
2/5/2019,100,80,19,44,6,8
2/6/2019,121,59,24,19,5,4
2/7/2019,103,35,22,27,5,5
2/8/2019,69,40,20,20,6,4
2/9/2019,70,46,18,28,6,5
2/10/2019,79,44,24,27,8,5
2/11/2019,88,59,22,34,8,8
2/12/2019,124,42,21,30,6,5
2/13/2019,82,55,11,49,8,7
2/14/2019,98,42,20,46,5,6
2/15/2019,103,59,25,23,6,8
2/16/2019,145,40,25,29,6,5
2/17/2019,92,46,6,61,6,8
2/18/2019,97,47,11,49,4,7
2/19/2019,117,55,23,37,4,8
2/20/2019,136,72,16,52,6,10
2/21/2019,162,70,18,62,6,11
2/22/2019,157,57,27,59,6,9
2/23/2019,127,64,28,55,7,10
2/24/2019,142,76,28,43,5,9
2/25/2019,152,58,19,45,6,8
2/26/2019,98,68,21,59,9,8
2/27/2019,141,76,35,55,8,9
2/28/2019,157,93,46,58,8,10
3/1/2019,177,91,41,66,8,11
3/2/2019,177,86,41,57,7,9
3/3/2019,169,122,32,58,9,10
3/4/2019,201,136,31,43,8,10
3/5/2019,210,106,41,45,7,9
3/6/2019,187,55,32,31,4,6
3/7/2019,121,53,24,43,6,5
3/8/2019,97,48,14,64,7,7
3/9/2019,107,51,31,40,5,5
3/10/2019,120,69,20,46,5,6
3/11/2019,139,74,23,29,4,7
3/12/2019,127,46,32,19,4,4
3/13/2019,48,47,26,37,5,5
3/14/2019,82,54,23,35,5,5
3/15/2019,115,46,26,30,4,4
3/16/2019,106,44,33,27,5,4
3/17/2019,90,46,15,53,5,6
3/18/2019,90,63,22,63,6,9
3/19/2019,128,83,27,63,5,9
3/20/2019,169,37,31,25,3,5
3/21/2019,96,41,31,16,3,3
3/22/2019,75,27,29,24,4,4
3/23/2019,64,31,34,20,5,3
3/24/2019,59,50,33,36,5,6
3/25/2019,104,63,31,33,5,6
3/26/2019,119,80,52, ,7,7
3/27/2019,156,75,29,34,5,7
3/28/2019,138,45,34,28,6,4
3/29/2019,78,41,31,21,4,4
3/30/2019,91,44,29,14,3,4
3/31/2019,91,30,33,22,5,4
10/1/2018,37,28,27,23,3,5
10/2/2018,63,29,30,33,4,5
10/3/2018,71,23,32,25,3,5
10/4/2018,53,11,28,19,3,4
10/5/2018,25,7,30,14,4,3
10/6/2018,14,29,30,19,3,5
10/7/2018,50,24,24,28,4,5
10/8/2018,36,29,14,35,5,6
10/9/2018,57,22,21,15,4,4
10/10/2018,49,19,22,16,3,4
10/11/2018,36,26,16,28,4,5
10/12/2018,59,35,18,43,5,7
10/13/2018,88,40,35,33,4,6
10/14/2018,89,61,38,38,5,8
10/15/2018,127,53,24,38,6,8
10/16/2018,101,40,23,39,6,7
10/17/2018,74,16,20,26,4,5
10/18/2018,36,20,22,29,3,5
10/19/2018,42,43,19,45,6,8
10/20/2018,82,41,35,42,5,8
10/21/2018,88,53,22,58,7,9
10/22/2018,111,52,18,53,6,9
10/23/2018,108,48,20,40,5,7
10/24/2018,78,43,16,50,6,8
10/25/2018,81,40,14,44,5,7
10/26/2018,79,30,21,15,4,3
10/27/2018,26,15,15,27,4,5
10/28/2018,34,18,19,23,4,5
10/29/2018,36,23,17,21,5,5
10/30/2018,52,23,20,25,5,5
10/31/2018,55,38,15,41,6,9
11/1/2018,82,48,11,58,6,11
11/2/2018,100,59,13,62,7,11
11/3/2018,127,48,25,46,6,10
11/4/2018,114,63,12,56,6,11
11/5/2018,137,88,5,73,7,13
11/6/2018,170,64,9,43,5,9
11/7/2018,138,9,16,27,4,5
11/8/2018,26,40,28,24,6,7
11/9/2018,85,71,27,38,7,9
11/10/2018,154,66,12,39,6,10
11/11/2018,141,33,14,37,6,7
11/12/2018,67,45,14,43,6,9
11/13/2018,96,38,14,44,6,8
11/14/2018,91,54,8,57,6,10
11/15/2018,122,60,18,47,7,11
11/16/2018,144,36,10,33,6,7
11/17/2018,80,41,15,37,7,9
11/18/2018,91,60,14,45,7,11
11/19/2018,121,50,14,42,7,8
11/20/2018,80,38,16,40,6,6
11/21/2018,71,24,20,23,6,4
11/22/2018,43,24,16,35,6,6
11/23/2018,51,24,10,36,5,6
11/24/2018,69,47,8,40,5,10
11/25/2018,128,62,8,47,7,12
11/26/2018,140,97,8,48,7,11
11/27/2018,158,100,15,33,6,5
11/28/2018,90,71,4,46,7,8
11/29/2018,85,60,9,45,6,8
11/30/2018,88,51,7,55,7,10
12/1/2018,92,54,8,44,6,9
12/2/2018,96,47,8,43,6,9
12/3/2018,92,37,16,26,4,7
12/4/2018,76,32,18,27,6,5
12/5/2018,53,41,14,30,6,6
12/6/2018,74,26,24,13,4,3
12/7/2018,40,26,20,14,5,4
12/8/2018,40,24,21,21,6,5
12/9/2018,45,36,6,46,6,8
12/10/2018,74,44,4,50,7,9
12/11/2018,92,48,17,30,7,7
12/12/2018,94,42,19,33,7,6
12/13/2018,91,35,12,32,6,6
12/14/2018,73,58,4,55,7,11
12/15/2018,132,56,3,57,7,11
12/16/2018,143,67,13,41,8,10
12/17/2018,145,52,10,50,7,9
12/18/2018,100,56,12,50,8,10
12/19/2018,114,62,5,61,8,11
12/20/2018,129,72,3,69,10,13
12/21/2018,148,78,11,63,9,14
12/22/2018,163,54,24,25,6,7
12/23/2018,98,25,18,18,6,5
12/24/2018,52,39,4, ,7,8
12/25/2018,86,52,17, ,7,7
12/26/2018,94,30,21,18,5,4
12/27/2018,35,40,17,22,6,5
12/28/2018,56,43,21,18,5,4
12/29/2018,40,36,16,29,6,6
12/30/2018,69, , , , , 
7/1/2018,33,9,27,26,4,4
7/2/2018,26,13,18,19,4,4
7/3/2018,32,25,29,23,5,4
7/4/2018,54,22,17,20,4,4
7/5/2018,62,7,20,11,4,3
7/6/2018,13,8,25,11,4,3
7/7/2018,17,12,30,12,4,3
7/8/2018,26,10,14,16,4,3
7/9/2018,20,24,4,27,4,5
7/10/2018,46,37,10,23,5,5
7/11/2018,76,29,8,18,6,4
7/12/2018,65,24,18,19,7,3
7/13/2018,58,22,23,17,6,3
7/14/2018,56,24,38,15,6,3
7/15/2018,64,29,31,23,7,4
7/16/2018,73,34,23,22,7,4
7/17/2018,86,40,32,22,6,4
7/18/2018,97,33,34,19,4,3
7/19/2018,86,40,61,31,6,4
7/20/2018,92,43,78,31,6,5
7/21/2018,99,33,62,21,4,4
7/22/2018,82,37,52,23,7,3
7/23/2018,82,45,96,28,5,4
7/24/2018,104,37,31,21,6,4
7/25/2018,84,46,38,24,6,4
7/26/2018,98,53,55,23,4,4
7/27/2018,113,44,33,30,4,5
7/28/2018,94,19,30,13,5,3
7/29/2018,51,9,29,13,4,3
7/30/2018,22,19,56,18,4,3
7/31/2018,44,36,81,25,4,4
8/1/2018,79,45,96,26,5,5
8/2/2018,100,51,81,24,5,5
8/3/2018,118,31,36,15,6,3
8/4/2018,75,29,26,9,4,2
8/5/2018,72,35,32,18,4,3
8/6/2018,82,21,46,18,3,4
8/7/2018,48,29,28,15,4,3
8/8/2018,70,29,21,18,4,3
8/9/2018,73,15,32,16,3,4
8/10/2018,38,10,38,15,4,4
8/11/2018,22,15,44,13,4,4
8/12/2018,41,36,35,18,4,4
8/13/2018,86,30,41,21,5,3
8/14/2018,73,32,51,19,3,3
8/15/2018,72,16,27,12,3,2
8/16/2018,34,13,26,12,4,3
8/17/2018,22,18,43,14,5,3
8/18/2018,30,26,66,17,4,3
8/19/2018,57,42,45,24,5,4
8/20/2018,89,26,25,19,4,3
8/21/2018,56,28,39,22,4,3
8/22/2018,65,13,12,11,4,2
8/23/2018,26,8,19,12,3,3
8/24/2018,18,27,36,15,5,4
8/25/2018,57,20,29,16,4,4
8/26/2018,47,9,20,18,3,4
8/27/2018,23,11,7,19,4,4
8/28/2018,23,14,6,14,4,3
8/29/2018,29,31,30,21,4,5
8/30/2018,70,28,36,21,5,5
8/31/2018,67,21,29,17,4,4
9/1/2018,45,14,38,12,4,3
9/2/2018,28,16,15,22,3,4
9/3/2018,36,18,29,16,4,4
9/4/2018,36,31,39,18,5,4
9/5/2018,47,42,48,24,5,6
9/6/2018,83,30,40,15,4,4
9/7/2018,58,28,34,19,4,4
9/8/2018,47,25,38,17,4,4
9/9/2018,49,12,28,12,3,3
9/10/2018,21,13,26,13,3,3
9/11/2018,23,17,33,18,3,3
9/12/2018,32,22,22,25,4,4
9/13/2018,43,21,19,21,3,4
9/14/2018,45,13,17,22,4,4
9/15/2018,28,42,33,18,4,5
9/16/2018,101,33,32,20,4,5
9/17/2018,72,41,30,32,5,6
9/18/2018,76,45,24,35,4,6
9/19/2018,85,17,30,18,3,4
9/20/2018,44,8,23,22,4,4
9/21/2018,19,36,35,28,4,5
9/22/2018,54,34,40,13,5,4
9/23/2018,53,16,26,10,4,3
9/24/2018,24,15,29,11,3,3
9/25/2018,29,8,31,9,3,3
9/26/2018,19,9,26,14,3,3
9/27/2018,19,14,19,22,3,4
9/28/2018,27,16,26,23,3,4
9/29/2018,36,22,36,18,3,3
9/30/2018,44,18,24,13,3,3
4/1/2018,128,72,30,29,8,6
4/2/2018,103,69,21,30,8,6
4/3/2018,84,15,28,20,4,5
4/4/2018,28,7,23,22,4,5
4/5/2018,18,91,26,20,4,6
4/6/2018,87,54,31,15,4,5
4/7/2018,87,30,29,22,4,5
4/8/2018,61,46,18,44,5,7
4/9/2018,103,54,34,33,5,6
4/10/2018,79,65,36,27,6,6
4/11/2018,94,52,33,36,7,5
4/12/2018,64,39,30,35,5,6
4/13/2018,59,23,30,19,4,5
4/14/2018,51,69,31,19,4,5
4/15/2018,88,44,28,31,5,6
4/16/2018,89,63,37,43,6,7
4/17/2018,111,71,37,46,7,7
4/18/2018,122,78,47,53,9,8
4/19/2018,140,91,52,65,10,10
4/20/2018,160,70,38,59,8,9
4/21/2018,120,39,37,32,4,6
4/22/2018,82,10,41,17,4,4
4/23/2018,32,9,33,18,4,5
4/24/2018,22,39,33,39,5,6
4/25/2018,97,51,43,44,6,7
4/26/2018,115,61,40,42,8,7
4/27/2018,135,63,39,39,6,7
4/28/2018,123,61,70,33,7,7
4/29/2018,119,80,48,34,8,8
4/30/2018,168,65,37,25,4,7
5/1/2018,157,49,25,30,4,6
5/2/2018,126,32,33,19,4,4
5/3/2018,54,53,41,25,5,5
5/4/2018,78,49,65,22,6,5
5/5/2018,85,15,42,15,4,4
5/6/2018,42,40,33,31,4,6
5/7/2018,81,22,39,16,4,4
5/8/2018,33,25,36,19,4,4
5/9/2018,37,55,42,31,6,5
5/10/2018,102,66,41,32,5,6
5/11/2018,143,34,19,45,4,7
5/12/2018,81,26,31,22,4,5
5/13/2018,69,76,52,38,5,8
5/14/2018,160,78,44,46,5,10
5/15/2018,158,35,7,31,4,6
5/16/2018,92,15,12,31,5,6
5/17/2018,43,11,12,20,4,4
5/18/2018,25,11,31,14,5,3
5/19/2018,21,11,32,15,5,3
5/20/2018,21,21,34,24,4,4
5/21/2018,44,43,29,31,4,6
5/22/2018,98,46,37,17,4,4
5/23/2018,54,89,53,32,7,7
5/24/2018,103,89,47,37,7,7
5/25/2018,132,80,87,43,6,7
5/26/2018,145,68,49,30,7,6
5/27/2018,113,57,49,34,6,6
5/28/2018,102,49,35,29,6,5
5/29/2018,107,52,34,26,4,5
5/30/2018,100,51,39,26,5,5
5/31/2018,99,48,52,39,5,7
6/1/2018,91,48,43,39,7,6
6/2/2018,95,36,57,31,5,5
6/3/2018,85,48,39,39,7,6
6/4/2018,103,51,56,26,7,5
6/5/2018,115,52,47,27,7,5
6/6/2018,125,54,33,33,5,5
6/7/2018,122,41,35,21,4,4
6/8/2018,95,46,46,21,4,5
6/9/2018,97,9,33,10,5,4
6/10/2018,22,11,22,18,5,4
6/11/2018,23,16,29,19,4,4
6/12/2018,38,33,41,27,5,5
6/13/2018,82,35,27,24,4,5
6/14/2018,90,15,32,15,4,4
6/15/2018,32,23,46,18,5,5
6/16/2018,51,57,53,26,5,5
6/17/2018,127,52,50,34,5,6
6/18/2018,118,47,40,37,9,5
6/19/2018,108,52,40,20,5,4
6/20/2018,116,46,43,20,4,5
6/21/2018,101,47,45,33,5,6
6/22/2018,103,44,50,30,8,6
6/23/2018,93,65,84,19,7,6
6/24/2018,139,64,80,39,6,7
6/25/2018,127,54,37,33,6,7
6/26/2018,129,31,41,24,5,6
6/27/2018,79,25,22,30,4,6
6/28/2018,69,44,54,30,5,6
6/29/2018,101,55,30,37,5,8
6/30/2018,129,14,17,20,4,4
1/1/2018,82,42,12,38,9,8
1/2/2018,72,40,13,25,8,5
1/3/2018,74,49,13,37,8,7
1/4/2018,85,62,8,48,9,9
1/5/2018,114,51,12,38,9,7
1/6/2018,106,58,4,50,8,11
1/7/2018,129,59,20,54,9,10
1/8/2018,131,45,21,22,8,4
1/9/2018,79,34,18,17,7,4
1/10/2018,56,37,17,19,7,5
1/11/2018,84,26,18,29,7,5
1/12/2018,60,51,3,50,8,10
1/13/2018,120,66,11,42,8,9
1/14/2018,145,67,12,54,10,9
1/15/2018,127,93,3,73,11,16
1/16/2018,171,95,7,63,11,12
1/17/2018,177,80,12,44,10,9
1/18/2018,143,63,15,40,9,7
1/19/2018,89,88,17,51,12,11
1/20/2018,132,62,11,43,8,8
1/21/2018,102,52,13,46,8,8
1/22/2018,88,28,23,16,6,4
1/23/2018,46,33,23,15,7,4
1/24/2018,38,27,19,17,7,4
1/25/2018,49,36,23,20,9,5
1/26/2018,68,49,8,42,8,8
1/27/2018,86,36,23,23,7,5
1/28/2018,70,52,20,22,9,5
1/29/2018,60,47,9,43,9,7
1/30/2018,73,46,10,41,8,7
1/31/2018,71,45,15,44,8,8
2/1/2018,79,58,8,55,9,10
2/2/2018,104,40,20,17,7,5
2/3/2018,68,36,22,15,7,4
2/4/2018,72,29,19,20,7,4
2/5/2018,61,35,21,19,7,4
2/6/2018,69,44,11,38,8,7
2/7/2018,88,56,6,58,9,10
2/8/2018,115,68,6,67,11,12
2/9/2018,147,71,22,16,9,6
2/10/2018,119,56,24,19,8,4
2/11/2018,62,55,21,23,8,4
2/12/2018,64,57,16,36,10,6
2/13/2018,72,68,22,34,10,6
2/14/2018,106,44,23,20,8,4
2/15/2018,65,51,29,33,7,6
2/16/2018,82,54,27,15,7,4
2/17/2018,49,42,16,29,9,6
2/18/2018,69,63,13,52,9,9
2/19/2018,124,65,22,39,8,8
2/20/2018,123,43,22,25,8,5
2/21/2018,75,50,22,40,9,7
2/22/2018,94,81,21,41,7,9
2/23/2018,149,74,19,31,7,8
2/24/2018,142,52,21,42,7,7
2/25/2018,103,64,11,66,11,10
2/26/2018,128,86,2,83,15,15
2/27/2018,164,62,13,46,9,9
2/28/2018,117,45,32,20,6,6
3/1/2018,101,70,30,41,7,6
3/2/2018,99,62,15,52,10,8
3/3/2018,95,32,16,40,7,7
3/4/2018,76,9,32,18,5,5
3/5/2018,22,33,20,35,5,6
3/6/2018,68,33,19,29,5,5
3/7/2018,67,32,25,23,4,6
3/8/2018,82,52,12,40,5,8
3/9/2018,115,51,23,42,8,7
3/10/2018,108,58,28,30,6,5
3/11/2018,120,84,26,60,8,10
3/12/2018,149,63,27,49,7,8
3/13/2018,122,28,22,30,7,5
3/14/2018,55,22,18,33,4,5
3/15/2018,64,15,29,16,4,4
3/16/2018,28,35,16,36,5,5
3/17/2018,70,63,13,50,7,8
3/18/2018,138,33,29,25,4,5
3/19/2018,81,21,33,13,4,4
3/20/2018,33,15,35,18,4,4
3/21/2018,28,46,26,36,6,6
3/22/2018,96,68,27,48,8,7
3/23/2018,152,97,32,53,10,10
3/24/2018,184,102,42,39,7,10
3/25/2018,195,96,32,57,8,11
3/26/2018,174,86,37,57,8,10
3/27/2018,167,61,32,35,7,7
3/28/2018,130,65,25,38,6,6
3/29/2018,151,68,32,40,5,6
3/30/2018,131,63,37,38,7,6
3/31/2018,111,74,28,28,6,5
10/1/2017,80,20,30,17,5,4
10/2/2017,42,42,23,14,5,4
10/3/2017,53,26,24,14,4,3
10/4/2017,38,16,23,16,4,3
10/5/2017,34,13,21,14,4,3
10/6/2017,27,10,21,21,4,4
10/7/2017,25,20,33,26,6,5
10/8/2017,53,29,29,30,8,5
10/9/2017,73,33,10,34,6,5
10/10/2017,78,13,16,16,4,4
10/11/2017,30,24,18,27,4,4
10/12/2017,51,31,22,27,4,4
10/13/2017,67,24,29,27,5,5
10/14/2017,50,24,28,26,5,4
10/15/2017,51,34,23,33,4,5
10/16/2017,66,43,22,40,5,6
10/17/2017,80,29,16,32,4,5
10/18/2017,65,19,21,30,4,4
10/19/2017,46,36,18,42,5,6
10/20/2017,70,44,23,41,5,6
10/21/2017,81,28,35,22,4,4
10/22/2017,54,26,22,25,4,4
10/23/2017,40,37,19,40,4,5
10/24/2017,66,46,24,45,5,7
10/25/2017,87,57,11,54,6,9
10/26/2017,98,66,21,53,6,10
10/27/2017,113,53,25,48,6,8
10/28/2017,93,70,25,26,5,6
10/29/2017,81,41,22,27,5,5
10/30/2017,55,38,16,45,7,7
10/31/2017,62,46,19,41,8,6
11/1/2017,78,55,23,42,8,6
11/2/2017,92,45,24,25,6,5
11/3/2017,92,58,21,24,5,6
11/4/2017,120,46,17,36,6,7
11/5/2017,96,39,14,47,7,8
11/6/2017,80,49,6,53,7,8
11/7/2017,88,67,25,28,6,6
11/8/2017,97,57,10,45,6,7
11/9/2017,85,53,17,39,6,8
11/10/2017,80,69,17,21,4,4
11/11/2017,53,34,13,35,5,6
11/12/2017,72,47,13,45,7,8
11/13/2017,87,52,17,26,6,5
11/14/2017,66,27,19,21,6,4
11/15/2017,48,26,15,28,7,5
11/16/2017,53,47,2,44,7,9
11/17/2017,84,43,17,14,6,4
11/18/2017,72,27,18,19,6,4
11/19/2017,47,42,15,35,7,7
11/20/2017,74,56,5,51,8,10
11/21/2017,98,59,4,57,8,11
11/22/2017,112,22,7,35,7,5
11/23/2017,35,22,13,26,6,5
11/24/2017,49,27,4,46,6,7
11/25/2017,65,40,16,35,6,8
11/26/2017,86,51,4,52,8,10
11/27/2017,99,72,3,67,11,13
11/28/2017,141,65,12,34,7,7
11/29/2017,83,26,21,21,7,4
11/30/2017,34,26,18,36,7,5
12/1/2017,51,45,6,49,9,9
12/2/2017,83,55,3,45,7,9
12/3/2017,107,46,20,25,7,6
12/4/2017,83,26,22,26,7,4
12/5/2017,48,35,6,40,7,7
12/6/2017,74,47,15,34,7,8
12/7/2017,97,36,14,25,8,5
12/8/2017,78,46,4,49,8,9
12/9/2017,85,42,19,33,7,7
12/10/2017,79,48,17,15,5,4
12/11/2017,38,39,12,20,7,5
12/12/2017,66,41,11,28,7,6
12/13/2017,70,58,3,45,9,10
12/14/2017,104,77,2,65,10,15
12/15/2017,148,46,17,21,9,6
12/16/2017,84,43,20,19,7,4
12/17/2017,52,58,6,47,8,9
12/18/2017,106,50,12,25,7,5
12/19/2017,69,45,3,44,7,8
12/20/2017,82,54,4,52,8,9
12/21/2017,119,61,4,58,10,11
12/22/2017,142,96,7,57,11,11
12/23/2017,169,68,16,38,8,10
12/24/2017,138,33,21,22,8,4
12/25/2017,65,31,17,26,7,5
12/26/2017,53,31,14,26,8,5
12/27/2017,58,46,3,47,8,8
12/28/2017,90,84,8,59,11,11
12/29/2017,160,104,4,62,8,13
12/30/2017,181,62,20,23,8,6
12/31/2017,110,52,14,35,9,6
7/1/2017,108,30,17,17,4,3
7/2/2017,74,26,25,18,4,3
7/3/2017,63,39,43,23,5,4
7/4/2017,91,45,69,26,5,5
7/5/2017,99,56,80,33,6,6
7/6/2017,117,26,13,26,4,4
7/7/2017,61,34,19,22,5,4
7/8/2017,86,31,22,21,4,4
7/9/2017,75, , , , , 
7/29/2017,36,30,46,20,6,4
7/30/2017,57,27,13,37,8,7
7/31/2017,52,32,12,24,7,6
8/1/2017,55,41,10,42,6,8
8/2/2017,82, , , , , 
8/6/2017,109,36,52,21,6,4
8/7/2017,85,47,50,23,6,5
8/8/2017,99,39,38,26,4,5
8/9/2017,86,10,26,19,3,4
8/10/2017,24, , , , , 
8/27/2017,56,31,14,40,5,6
8/28/2017,70,19,24,15,4,4
8/29/2017,33,18,17,16,5,3
8/30/2017,30, , , , , 
9/23/2017,104,67,55,35,6,7
9/24/2017,123,52,36, ,5,6
9/25/2017,93,52,37,40,5,6
9/26/2017,92,48,24,36,6,5
9/27/2017,87,26,33,19,6,4
9/28/2017,35,25,21,26,7,4
9/29/2017,38,40,27,35,8,6
9/30/2017,68,40,16,33,6,6
4/1/2017,62,45,43,31,6,6
4/2/2017,103,75,38,51,8,7
4/3/2017,153,73,47,60,8,8
4/4/2017,144,57,18,55,8,6
4/5/2017,98,25,20,31,4,5
4/6/2017,66,44,22,44,5,6
4/7/2017,90,64,24,47,6,7
4/8/2017,127,44,38,25,4,5
4/9/2017,98,29,33,29,4,4
4/10/2017,64,54,44,37,6,5
4/11/2017,87,67,35,19,4,3
4/12/2017,52,70,40,34,8,5
4/13/2017,87,61,41,30,8,5
4/14/2017,82,69,41,33,8,6
4/15/2017,110,64,40,42,8,7
4/16/2017,108,52,29,53,6,7
4/17/2017,96,42,24,36,4,5
4/18/2017,83,76,32,25,4,4
4/19/2017,64,82,33,40,6,5
4/20/2017,84,67,32,41,6,6
4/21/2017,81,65,46,41,6,6
4/22/2017,94,56,59,30,7,5
4/23/2017,90,46,49,36,7,5
4/24/2017,75,61,41,35,8,5
4/25/2017,105,51,38,22,5,4
4/26/2017,73,48,38,23,6,4
4/27/2017,59,66,37,32,11,6
4/28/2017,87,64,48,36,9,7
4/29/2017,95,84,70,24,12,8
4/30/2017,151,84,70,30,8,7
5/1/2017,137,92,48,50,8,8
5/2/2017,146,70,89,40,7,6
5/3/2017,110,66,36,44,8,6
5/4/2017,111,53,39,21,6,4
5/5/2017,91,146,40,15,5,3
5/6/2017,84,86,42,21,7,4
5/7/2017,69,129,52,36,11,6
5/8/2017,117,108,29,44,9,5
5/9/2017,107,45,33,22,4,4
5/10/2017,77,68,46,37,8,6
5/11/2017,103,72,34,40,10,8
5/12/2017,136,56,40,26,6,5
5/13/2017,94,62,38,16,5,3
5/14/2017,62,49,28,23,5,4
5/15/2017,51,40,30,32,7,4
5/16/2017,65,41,44,38,7,5
5/17/2017,71,50,60,37,8,5
5/18/2017,93,53,45,34,8,5
5/19/2017,94,42,43,36,9,5
5/20/2017,82,32,42,25,6,4
5/21/2017,72,47,39,31,7,4
5/22/2017,95,39,23,30,7,4
5/23/2017,83,30,34,26,4,4
5/24/2017,67,42,43,31,6,4
5/25/2017,60,26,33,17,4,3
5/26/2017,32,37,43,31,7,4
5/27/2017,63,45,61,27,8,4
5/28/2017,80,68,70,26,10,5
5/29/2017,121,55,46,34,10,4
5/30/2017,85,41,39,39,7,4
5/31/2017,77,40,35,16,4,3
6/1/2017,76,32,35,18,4,3
6/2/2017,43,32,36,15,4,3
6/3/2017,45,31,43,19,4,3
6/4/2017,49,27,56,27,4,4
6/5/2017,54,26,35,24,4,3
6/6/2017,46,16,27,23,3,4
6/7/2017,38,48,50,24,5,7
6/8/2017,95,61,51,26,7,7
6/9/2017,121,51,50,21,5,4
6/10/2017,87,31,40,25,4,3
6/11/2017,40,34,44,20,4,3
6/12/2017,50,41,37,23,4,4
6/13/2017,70,50,42,23,5,4
6/14/2017,82,57,49,26,7,4
6/15/2017,95,70,91,29,8,6
6/16/2017,125,56,87,27,9,5
6/17/2017,110,47,69,26,7,4
6/18/2017,94,58,46,36,6,5
6/19/2017,112,56,60,41,5,5
6/20/2017,96,63,41,27,7,4
6/21/2017,102,45,44,23,5,4
6/22/2017,84,53,61,39,6,5
6/23/2017,94,47,18,49,6,5
6/24/2017,88,39,49,27,4,5
6/25/2017,90,30,38,25,3,4
6/26/2017,74,33,40,25,4,4
6/27/2017,75,53,54,29,5,5
6/28/2017,114,52,59,31,7,5
6/29/2017,118,60,42,26,4,5
6/30/2017,129,50,43,25,5,5
1/2/2017,170,75,19,46,9,9
1/3/2017,142,57,12,55,9,11
1/4/2017,113,40,12,40,7,8
1/5/2017,75,21,16,38,7,6
1/6/2017,48,57,5,55,8,10
1/7/2017,118,34,14,37,6,7
1/8/2017,80,62,24,23,8,8
1/9/2017,132,35,21,23,6,5
1/10/2017,67,27,19,31,7,5
1/11/2017,52,33,20,32,7,6
1/12/2017,67,30,20,21,6,5
1/13/2017,57,49,22,14,6,4
1/14/2017,56,29,19,23,6,6
1/15/2017,59,50,7,44,7,9
1/16/2017,91,68,3,67,10,14
1/17/2017,137,85,5,55,11,13
1/18/2017,167,89,7,55,10,13
1/19/2017,167,61,20,34,8,7
1/20/2017,131,54,11,47,7,8
1/21/2017,115,73,26,15,9,6
1/22/2017,99,53,22,26,8,6
1/23/2017,121,40,17,37,7,7
1/24/2017,96,53,11,54,8,10
1/25/2017,118,65,10,59,9,11
1/26/2017,147,94,27,17,6,5
1/27/2017,75,36,13,35,6,6
1/28/2017,58,31,6,40,5,7
1/29/2017,70,50,24,17,7,5
1/30/2017,109,31,15,37,6,6
1/31/2017,72,40,22,34,8,6
2/1/2017,81,35,22,35,7,6
2/2/2017,67,69,21,50,9,9
2/3/2017,137,86,4,65,8,13
2/4/2017,169,67,18,40,7,10
2/5/2017,141,49,27,23,7,5
2/6/2017,104,45,10,46,7,8
2/7/2017,89,59,12,48,8,9
2/8/2017,107,55,22,19,7,5
2/9/2017,76,36,24,17,6,5
2/10/2017,73,33,23,21,6,5
2/11/2017,70,34,23,30,7,6
2/12/2017,72,48,8,56,9,9
2/13/2017,100,58,23,39,8,7
2/14/2017,113,63,11,71,12,11
2/15/2017,132,71,15,64,10,12
2/16/2017,142,49,26,20,6,4
2/17/2017,73,35,25,23,7,5
2/18/2017,72,50,19,39,7,7
2/19/2017,97,48,28,19,5,5
2/20/2017,86,49,23,51,8,7
2/21/2017,103,44,7,52,6,7
2/22/2017,99,40,29,19,7,5
2/23/2017,85,31,25,32,7,5
2/24/2017,72,51,23,44,9,8
2/25/2017,108,51,28,33,7,7
2/26/2017,109,43,20,48,7,7
2/27/2017,89,47,23,56,10,8
2/28/2017,93,63,27,54,9,8
3/1/2017,134,37,31,23,5,5
3/2/2017,87,46,23,42,8,7
3/3/2017,83,58,18,56,8,8
3/4/2017,115,68,32,44,6,8
3/5/2017,147,40,32,17,6,5
3/6/2017,94,37,31,18,6,4
3/7/2017,81,48,25,26,6,5
3/8/2017,80,53,28,31,7,5
3/9/2017,81,50,27,42,7,5
3/10/2017,95,61,25,64,10,9
3/11/2017,122,84,37,61,10,9
3/12/2017,166,66,33,27,6,6
3/13/2017,136,56,36,27,6,5
3/14/2017,106,45,24,40,6,5
3/15/2017,86,65,29,60,8,8
3/16/2017,138,73,31,60,8,9
3/17/2017,155,73,42,67,11,9
3/18/2017,150,72,39,52,8,8
3/19/2017,157,86,8,75,9,11
3/20/2017,167,89,35,38,10,7
3/21/2017,161,57,32,37,7,6
3/22/2017,107,71,36,50,9,8
3/23/2017,139,61,20,48,6,6
3/24/2017,117,68,30,49,8,7
3/25/2017,139,65,34,38,9,6
3/26/2017,138,72,35,33,7,10
3/27/2017,152,80,27,51,8,9
3/28/2017,161,61,39,36,6,7
3/29/2017,129,67,38,50,7,7
3/30/2017,134,55,18,45,5,7
3/31/2017,115,23,32,28,4,5
10/1/2016,92,35,12,31,5,6
10/2/2016,68,19,19,20,5,4
10/3/2016,38,36,21,29,5,5
10/4/2016,65,28,24,23,5,5
10/5/2016,47,44,27,26,5,6
10/6/2016,76,30,16,28,5,5
10/7/2016,56,23,27,19,5,4
10/8/2016,47,20,24,14,4,3
10/9/2016,38,30,20,31,5,4
10/10/2016,47,45,21,49,7,7
10/11/2016,84,59,20,30,6,6
10/12/2016,109,46,16,42,6,5
10/13/2016,78,70,17,57,7,10
10/14/2016,127,79,22,56,6,10
10/15/2016,151,60,12,40,5,7
10/16/2016,124,57,23,36,5,7
10/17/2016,113,60,16,45,5,8
10/18/2016,104,66,26,54,7,9
10/19/2016,119,67,29,49,6,8
10/20/2016,129,27,19,25,5,5
10/21/2016,53,35,18,28,6,5
10/22/2016,67,13,27,16,4,4
10/23/2016,27,19,15,28,5,4
10/24/2016,33,17,13,31,4,5
10/25/2016,41,46,8,38,5,10
10/26/2016,85,52,11,37,5,8
10/27/2016,89,43,26,29,5,5
10/28/2016,72,41,23,20,4,4
10/29/2016,68,28,16,30,5,4
10/30/2016,50,34,19,41,6,6
10/31/2016,67,25,21,21,4,3
11/1/2016,45,39,9,42,6,6
11/2/2016,65,46,16,50,7,8
11/3/2016,87,65,24,41,8,7
11/4/2016,118,74,31,34,8,8
11/5/2016,140,34,20,27,5,6
11/6/2016,70,38,15,30,6,5
11/7/2016,86,65,25,22,5,6
11/8/2016,148,46,16,32,5,5
11/9/2016,91,47,3,52,6,7
11/10/2016,92,50,19,41,5,7
11/11/2016,81,75,19,48,7,9
11/12/2016,107,64,15,44,6,9
11/13/2016,103,55,16,50,6,9
11/14/2016,99,62,20,25,6,5
11/15/2016,79,59,5,50,7,7
11/16/2016,92,68,6,58,8,11
11/17/2016,116,85,4,63,8,12
11/18/2016,156,62,12,49,7,8
11/19/2016,113,47,23,25,5,7
11/20/2016,88,64,9,46,7,8
11/21/2016,100,46,16,21,6,5
11/22/2016,74,42,17,25,7,5
11/23/2016,65,29,17,24,7,4
11/24/2016,56,39,10,46,8,7
11/25/2016,73,58,4,51,7,10
11/26/2016,117,71,3,45,6,10
11/27/2016,142,73,13,30,7,8
11/28/2016,129,41,5,46,8,8
11/29/2016,80,49,2,55,10,9
11/30/2016,94,50,20,26,8,6
12/1/2016,91,37,12,36,8,5
12/2/2016,66,55,6,57,8,10
12/3/2016,94,76,3,68,9,13
12/4/2016,145,80,16,42,9,10
12/5/2016,148,27,16,27,7,5
12/6/2016,50,51,4,53,9,8
12/7/2016,90,60,7,52,8,10
12/8/2016,108,37,16,31,6,6
12/9/2016,85,36,12,31,7,6
12/10/2016,81,36,10,40,7,7
12/11/2016,81,47,2,53,7,10
12/12/2016,95,63,9,51,9,12
12/13/2016,129,58,5,32,8,8
12/14/2016,107,38,16,23,7,5
12/15/2016,74,35,50,32,7,6
12/16/2016,70,63,4,57,10,11
12/17/2016,113,55,4,51,7,11
12/18/2016,122,40,5,44,6,7
12/19/2016,84,56,4,54,7,12
12/20/2016,107,45,5,44,6,8
12/21/2016,95,25,12,29,5,8
12/22/2016,58,58,16,20,6,6
12/23/2016,119,68,14,30,7,9
12/24/2016,149,59,6,37,6,10
12/25/2016,133,51,5,44,7,11
12/26/2016,110,45,16,21,7,6
12/27/2016,94,49,9,40,7,7
12/28/2016,92,40,15,30,7,5
12/29/2016,70,45,6,45,8,8
12/30/2016,88,62,2,55,9,12
12/31/2016,131,71,3,52,8,12
1/1/2017,156,94,23,44,9,12
7/1/2016,60,14,28,21,6,3
7/2/2016,35,43,39,17,6,4
7/3/2016,95,28,16,29,4,4
7/4/2016,64,13,16,19,5,3
7/5/2016,32,18,26,24,6,4
7/6/2016,40,40,32,41,9,5
7/7/2016,85,60,45,40,6,6
7/8/2016,115,45,33,28,6,4
7/9/2016,91,39,48,31,8,4
7/10/2016,83,55,57,43,7,6
7/11/2016,112,41,31,34,9,4
7/12/2016,97,31,17,27,6,3
7/13/2016,71,31,30,28,5,3
7/14/2016,71,20,21,26,5,3
7/15/2016,47,11,16,20,5,3
7/16/2016,26,15,16,16,7,3
7/17/2016,42,30,20,26,8,4
7/18/2016,71,40,48,33,6,5
7/19/2016,82,40,46,33,5,5
7/20/2016,86,35,38,27,6,4
7/21/2016,80,40,43,28,5,4
7/22/2016,87,48,30,25,6,4
7/23/2016,95,41,14,19,6,3
7/24/2016,88,49,23,25,7,3
7/25/2016,102,38,15,21,7,3
7/26/2016,89,38,19,20,6,3
7/27/2016,87,56,44,20,5,5
7/28/2016,121,47,17,32,6,6
7/29/2016,99,48,35,25,6,4
7/30/2016,104,43,20,16,5,3
7/31/2016,95,35,14,21,5,3
8/1/2016,86,29,13,25,5,4
8/2/2016,71,31,37,29,5,4
8/3/2016,73,34,35,27,6,4
8/4/2016,77,43,59,34,6,5
8/5/2016,92,62,78,33,6,6
8/6/2016,132,41,51,23,7,4
8/7/2016,99,47,39,23,6,4
8/8/2016,100,33,37,27,5,4
8/9/2016,77,59,38,29,7,5
8/10/2016,130,37,39,24,6,4
8/11/2016,82,50,43,24,6,4
8/12/2016,105,39,24,17,5,3
8/13/2016,94,41,17,12,5,3
8/14/2016,102,44,37,20,5,5
8/15/2016,90,56,47,30,7,6
8/16/2016,106,50,50,28,6,5
8/17/2016,101,60,63,37,7,6
8/18/2016,119,68,46,46,6,7
8/19/2016,142,40,38,29,6,5
8/20/2016,85,33,56,19,6,4
8/21/2016,75,35,40,28,5,4
8/22/2016,81,38,31,30,5,5
8/23/2016,86,43,32,34,7,6
8/24/2016,90,35,26,30,6,5
8/25/2016,77,16,24,18,5,3
8/26/2016,35,15,27,18,5,3
8/27/2016,27,13,22,13,4,3
8/28/2016,25,18,21,20,5,3
8/29/2016,32,36,22,20,5,4
8/30/2016,51,21,18,18,6,4
8/31/2016,36,63,48,30,6,7
9/1/2016,114,42,33,29,5,6
9/2/2016,93,26,26,26,5,6
9/3/2016,64,27,29,27,4,6
9/4/2016,60,35,32,30,5,5
9/5/2016,72,63,29,34,8,7
9/6/2016,114,78,31,33,6,8
9/7/2016,156,57,18,39,6,8
9/8/2016,114,50,30,38,5,7
9/9/2016,98,48,38,33,4,7
9/10/2016,98,47,35,25,5,6
9/11/2016,103,34,20,29,4,5
9/12/2016,78,20,23,28,5,4
9/13/2016,44,37,41,26,5,5
9/14/2016,80,47,34,26,5,6
9/15/2016,100,58,44,25,8,6
9/16/2016,121,35,32,16,5,5
9/17/2016,77,27,33,12,4,3
9/18/2016,61,15,21,16,5,3
9/19/2016,26,19,24,19,4,3
9/20/2016,38,38,24,28,4,4
9/21/2016,85,45,25,30,4,5
9/22/2016,97,56,41,40,6,6
9/23/2016,114,66,48,44,7,7
9/24/2016,131,56,34,38,6,6
9/25/2016,124,51,21,46,6,7
9/26/2016,105,42,6,44,6,7
9/27/2016,90,39,9,35,5,6
9/28/2016,82,17,13,19,5,5
9/29/2016,32,34,9,33,5,5
9/30/2016,56,53,16,44,6,8
4/1/2016,100,77,53,66,12,8
4/2/2016,127,56,25,31,7,6
4/3/2016,109,30,25,39,7,5
4/4/2016,54,63,32,47,11,6
4/5/2016,81,71,28,63,12,8
4/6/2016,112,48,39,35,7,6
4/7/2016,90,69,32,41,8,7
4/8/2016,114,98,18,50,9,10
4/9/2016,160,111,48,36,9,11
4/10/2016,168,52,34,35,6,5
4/11/2016,81,61,28,42,7,6
4/12/2016,95,63,27,56,7,8
4/13/2016,104,61,20,48,7,7
4/14/2016,102,59,41,47,8,7
4/15/2016,96,60,27,51,7,7
4/16/2016,94,42,39,17,6,5
4/17/2016,62,66,34,31,8,6
4/18/2016,88,50,29,30,6,5
4/19/2016,81,66,27,53,7,7
4/20/2016,106,32,32,36,5,5
4/21/2016,73,68,30,39,6,8
4/22/2016,130,143,29,38,6,7
4/23/2016,135,124,42,36,6,6
4/24/2016,101,76,28,63,7,7
4/25/2016,93,79,44,51,7,7
4/26/2016,107,58,45,26,6,4
4/27/2016,73,60,37,36,6,5
4/28/2016,81,67,37,37,7,6
4/29/2016,100,78,63,35,11,7
4/30/2016,125,51,43,29,8,6
5/1/2016,84,56,32,35,7,6
5/2/2016,90,22,29,18,5,4
5/3/2016,46,55,38,19,6,3
5/4/2016,51,61,36,44,8,7
5/5/2016,78,47,21,38,5,6
5/6/2016,85,99,37,30,8,6
5/7/2016,81,60,45,32,7,6
5/8/2016,66,64,41,38,8,6
5/9/2016,77,36,37,26,6,5
5/10/2016,61,33,35,28,6,5
5/11/2016,57,33,41,39,8,5
5/12/2016,65,41,45,26,6,6
5/13/2016,79,40,44,42,7,6
5/14/2016,77,40,39,24,7,5
5/15/2016,77,35,39,23,8,6
5/16/2016,63,69,44,44,13,8
5/17/2016,121,55,45,55,10,7
5/18/2016,102,45,42,48,7,6
5/19/2016,83,50,57,58,8,7
5/20/2016,97,43,45,37,6,5
5/21/2016,92,59,65,40,8,6
5/22/2016,122,72,52,46,9,7
5/23/2016,145,37,41,27,6,5
5/24/2016,85,82,48,28,8,7
5/25/2016,157,94,35,42,11,9
5/26/2016,173,84,45,45,9,8
5/27/2016,159,78,45,40,10,7
5/28/2016,135,80,64,36,11,7
5/29/2016,133,84,61,37,10,8
5/30/2016,151,81,43,30,10,7
5/31/2016,141,47,45,29,7,5
6/1/2016,88,38,45,34,7,4
6/2/2016,70,51,45,37,9,5
6/3/2016,91,58,35,40,7,6
6/4/2016,99,55,61,30,7,6
6/5/2016,102,27,42,25,6,4
6/6/2016,58,43,36,31,7,5
6/7/2016,89,44,27,32,7,4
6/8/2016,91,58,39,37,7,6
6/9/2016,106,65,49,48,9,7
6/10/2016,121,55,22,28,8,5
6/11/2016,105,32,20,19,6,4
6/12/2016,77,65,36,28,6,7
6/13/2016,120,58,48,43,8,6
6/14/2016,109,41,24,28,6,4
6/15/2016,85,32,35,22,6,5
6/16/2016,70,58,52,27,8,6
6/17/2016,116,68,62,34,9,8
6/18/2016,141,46,42,28,7,6
6/19/2016,101,54,52,33,7,6
6/20/2016,117,61,63,44,8,7
6/21/2016,125,69,42,49,8,8
6/22/2016,143,41,50,31,7,6
6/23/2016,90,48,29,33,6,5
6/24/2016,102,34,36,24,7,4
6/25/2016,71,36,42,22,7,4
6/26/2016,75,38,30,39,9,6
6/27/2016,83,64,45,37,8,6
6/28/2016,133,42,42,37,8,5
6/29/2016,94,31,25,24,7,4
6/30/2016,75,26,21,27,6,4
1/4/2016,91,34,17,26,9,5
1/5/2016,67,58,9,45,11,8
1/6/2016,102,45,14,29,9,6
1/7/2016,79,36,15,32,9,5
1/8/2016,68,40,13,35,9,6
1/9/2016,76,36,21,30,9,5
1/10/2016,74,43,19,31,10,6
1/11/2016,79,53,13,42,9,7
1/12/2016,89,42,20,38,8,6
1/13/2016,76,50,13,42,9,6
1/14/2016,81,51,7,57,10,9
1/15/2016,98,70,4,60,9,10
1/16/2016,134,71,6,56,9,10
1/17/2016,143,56,20,30,8,7
1/18/2016,104,37,22,18,7,4
1/19/2016,59,42,18,34,8,5
1/20/2016,83,53,12,46,8,7
1/21/2016,100,55,12,40,9,7
1/22/2016,99,35,22,17,8,4
1/23/2016,61,43,21,17,9,4
1/24/2016,77,55,14,35,8,6
1/25/2016,71,77,5,67,12,12
1/26/2016,125,66,12,53,12,10
1/27/2016,106,60,6,69,10,11
1/28/2016,103,54,5,50,11,9
1/29/2016,93,42,10,48,9,10
1/30/2016,91,44,20,22,8,5
1/31/2016,81,43,17,27,9,5
2/1/2016,74,49,16,38,9,6
2/2/2016,81,62,13,63,10,10
2/3/2016,106,61,20,49,10,10
2/4/2016,108,50,19,38,10,6
2/5/2016,79,56,22,25,10,5
2/6/2016,91,51,17,38,9,6
2/7/2016,90,64,32,34,12,7
2/8/2016,116,59,26,20,11,5
2/9/2016,94,43,12,53,9,8
2/10/2016,85,51,8,60,10,9
2/11/2016,90,40,11,52,7,9
2/12/2016,85,17,7,43,7,8
2/13/2016,46,32,22,16,6,4
2/14/2016,68,36,24,19,6,4
2/15/2016,54,32,18,34,7,5
2/16/2016,67,43,18,41,8,6
2/17/2016,65,48,26,46,9,6
2/18/2016,82,79,10,51,11,12
2/19/2016,129,51,27,37,8,6
2/20/2016,69,29,28,20,7,4
2/21/2016,52,46,13,49,8,6
2/22/2016,71,55,27,34,8,6
2/23/2016,91,36,22,29,7,5
2/24/2016,71,51,22,40,10,7
2/25/2016,91,52,20,43,11,7
2/26/2016,94,69,20,45,10,7
2/27/2016,129,50,20,50,8,7
2/28/2016,97,61,23,23,8,5
2/29/2016,99,36,25,27,8,4
3/1/2016,72,42,21,44,9,5
3/2/2016,82,57,18,51,8,6
3/3/2016,103,73,18,58,8,7
3/4/2016,123,26,9,40,6,6
3/5/2016,59,78,28,25,6,5
3/6/2016,79,98,5,61,8,7
3/7/2016,101,68,21,26,7,5
3/8/2016,77,49,24,20,7,4
3/9/2016,63,38,28,20,7,4
3/10/2016,58,39,27,25,8,4
3/11/2016,72,51,25,38,9,5
3/12/2016,78,63,33,39,9,6
3/13/2016,115,66,33,29,7,6
3/14/2016,140,59,21,51,11,7
3/15/2016,100,66,30,61,12,7
3/16/2016,114,73,10,91,11,11
3/17/2016,120,67,26,71,10,10
3/18/2016,118,75,30,42,8,7
3/19/2016,134,79,33,49,11,8
3/20/2016,144,82,31,62,11,9
3/21/2016,152,72,33,55,9,7
3/22/2016,141,75,32,34,9,6
3/23/2016,134,43,27,31,7,4
3/24/2016,82,72,28,50,9,6
3/25/2016,122,69,28,52,8,6
3/26/2016,137,69,40,41,10,7
3/27/2016,140,67,33,55,12,7
3/28/2016,129,87,46,43,13,8
3/29/2016,152,85,31,43,10,7
3/30/2016,137,55,21,69,10,7
3/31/2016,84,72,32,75,11,8
10/1/2015,39,32,27,22,6,3
10/2/2015,44,45,34,22,7,4
10/3/2015,70,30,23,27,7,4
10/4/2015,51,32,21,46,7,5
10/5/2015,64,35,19,52,7,6
10/6/2015,71,47,18,54,7,7
10/7/2015,85,59,29,49,8,7
10/8/2015,103,36,28,19,7,3
10/9/2015,46,26,23,30,7,4
10/10/2015,52,18,19,22,6,4
10/11/2015,41,19,19,20,7,4
10/12/2015,41,30,24,36,7,6
10/13/2015,59,53,14,56,9,9
10/14/2015,96,62,24,71,10,10
10/15/2015,114,73,24,77,10,11
10/16/2015,133,64,27,63,8,9
10/17/2015,117,71,44,52,8,9
10/18/2015,132,87,28,53,9,10
10/19/2015,163,89,30,51,10,10
10/20/2015,162,97,33,49,10,10
10/21/2015,166,78,21,44,8,8
10/22/2015,135,55,21,42,9,7
10/23/2015,100,38,23,34,7,7
10/24/2015,80,33,26,33,6,5
10/25/2015,65,37,11,44,7,6
10/26/2015,69,37,22,24,6,5
10/27/2015,52,34,21,30,8,4
10/28/2015,51,25,19,31,7,5
10/29/2015,53,32,22,20,7,4
10/30/2015,49,32,17,32,7,5
10/31/2015,59,45,8,52,7,7
11/1/2015,77,56,15,52,9,9
11/2/2015,88,71,22,59,10,11
11/3/2015,126,81,10,81,12,12
11/4/2015,161,76,20,73,9,12
11/5/2015,155,54,22,38,6,7
11/6/2015,113,12,24,23,5,5
11/7/2015,35,5,23,20,5,4
11/8/2015,14,12,15,28,6,5
11/9/2015,30,51,8,38,6,9
11/10/2015,108,45,5,49,7,9
11/11/2015,93,17,13,35,6,6
11/12/2015,45,15,8,35,5,6
11/13/2015,39,12,11,39,5,6
11/14/2015,33,21,12,35,7,6
11/15/2015,51,31,3,39,6,8
11/16/2015,72,19,16,34,7,7
11/17/2015,52,12,17,25,5,5
11/18/2015,27,16,13,33,6,5
11/19/2015,34,38,11,40,7,8
11/20/2015,79,52,11,47,8,10
11/21/2015,110,33,13,36,7,8
11/22/2015,75,9,17,27,6,5
11/23/2015,21,27,17,27,6,6
11/24/2015,64,13,18,26,5,5
11/25/2015,39,37,22,20,7,5
11/26/2015,89,45,22,25,8,6
11/27/2015,97,49,9,42,9,9
11/28/2015,99,44,4,37,6,8
11/29/2015,104,49,13,38,9,10
11/30/2015,108,61,5,59,9,12
12/1/2015,110,57,10,46,9,12
12/2/2015,112,21,18,22,6,5
12/3/2015,46,46,18,28,7,6
12/4/2015,66,38,18,37,9,8
12/5/2015,70,38,16,37,8,7
12/6/2015,75,55,3,55,8,11
12/7/2015,101,63,3,70,10,13
12/8/2015,117,73,3,67,11,14
12/9/2015,125,48,2,52,9,11
12/10/2015,97,36,16,33,8,8
12/11/2015,79,31,18,39,8,7
12/12/2015,66,44,8,51,9,10
12/13/2015,88,50,2,51,8,10
12/14/2015,101,59,14,37,9,9
12/15/2015,115,32,21,19,8,5
12/16/2015,58,21,19,18,7,4
12/17/2015,45,46,6,46,9,10
12/18/2015,82,65,4,53,9,12
12/19/2015,119,59,9,54,9,13
12/20/2015,107,55,4,46,8,10
12/21/2015,106,64,4,47,9,11
12/22/2015,121,58,6,56,9,12
12/23/2015,112,88,13,49,13,12
12/24/2015,161,32,20,28,9,5
12/25/2015,63,68,12,40,10,10
12/26/2015,113,33,20,23,7,5
12/27/2015,66,27,16,27,8,6
12/28/2015,55,61,5,56,11,12
12/29/2015,100,62,9,54,9,12
12/30/2015,111, , , , , 
7/1/2015,75,48,48,22,8,6
7/2/2015,104,44,35,22,8,5
7/3/2015,95,34,53,32,8,4
7/4/2015,76,38,51,26,10,5
7/5/2015,85,33,40,31,7,4
7/6/2015,75,39,36,36,7,4
7/7/2015,85,11,30,19,6,3
7/8/2015,26,11,23,18,5,3
7/9/2015,28,19,32,28,6,4
7/10/2015,46,30,45,37,6,5
7/11/2015,73,11,9,12,5,3
7/12/2015,30,27,34,16,7,4
7/13/2015,57,66,50,28,8,6
7/14/2015,127,53,39,30,8,6
7/15/2015,106,12,25,12,6,2
7/16/2015,21,12,24,16,6,3
7/17/2015,24,30,28,26,6,3
7/18/2015,64,26,31,20,6,4
7/19/2015,68,23,11,24,7,4
7/20/2015,62,27,17,28,6,4
7/21/2015,63,34,21,42,6,5
7/22/2015,79,27,17,37,7,5
7/23/2015,72,15,11,29,6,4
7/24/2015,42,20,11,19,6,3
7/25/2015,52,19,11,14,6,3
7/26/2015,46,30,6,22,7,4
7/27/2015,66,40,28,24,8,4
7/28/2015,90,36,18,29,7,5
7/29/2015,83,68,47,22,7,6
7/30/2015,147,59,45,24,8,5
7/31/2015,130,51,37,22,8,4
8/1/2015,111,34,25,16,6,3
8/2/2015,79,34,20,17,9,4
8/3/2015,78,28,17,17,8,3
8/4/2015,68,35,36,20,7,3
8/5/2015,82,36,46,26,8,4
8/6/2015,84,42,52,35,6,5
8/7/2015,95,36,31,33,6,5
8/8/2015,82,22,32,19,6,3
8/9/2015,56,31,34,21,6,3
8/10/2015,69,59,34,33,7,7
8/11/2015,119,53,56,29,8,6
8/12/2015,111,43,29,32,6,5
8/13/2015,89,41,48,33,7,5
8/14/2015,86,59,66,22,8,7
8/15/2015,126,67,45,22,7,7
8/16/2015,138,28,38,23,6,4
8/17/2015,70,23,33,24,7,3
8/18/2015,58,39,31,36,7,5
8/19/2015,80,37,15,44,9,5
8/20/2015,83,31,25,29,7,4
8/21/2015,80,40,42,26,7,4
8/22/2015,92,39,66,24,7,5
8/23/2015,87,33,30,21,6,4
8/24/2015,74,8,22,15,6,2
8/25/2015,17,10,19,19,7,3
8/26/2015,24,22,34,25,7,3
8/27/2015,51,31,16,46,8,6
8/28/2015,67,35,36,41,8,5
8/29/2015,82,36,46,26,6,4
8/30/2015,83,37,38,35,6,5
8/31/2015,86,27,33,19,6,4
9/1/2015,73,27,20,30,6,4
9/2/2015,68,26,36,29,6,5
9/3/2015,65,33,32,31,7,5
9/4/2015,77,36,17,35,7,5
9/5/2015,81,15,30,13,6,3
9/6/2015,37,13,25,23,6,3
9/7/2015,29,13,23,23,6,3
9/8/2015,32,17,29,22,6,3
9/9/2015,37,30,29,26,7,3
9/10/2015,53,44,21,30,7,6
9/11/2015,87,22,24,28,6,4
9/12/2015,54,23,36,17,7,3
9/13/2015,48,35,30,40,7,5
9/14/2015,71,30,31,37,6,4
9/15/2015,68,17,27,28,6,4
9/16/2015,38,13,25,20,6,3
9/17/2015,26,19,23,30,6,3
9/18/2015,42,34,27,36,6,4
9/19/2015,65,52,43,31,8,6
9/20/2015,103,53,35,41,7,7
9/21/2015,105,46,42,46,7,6
9/22/2015,94,45,13,61,7,6
9/23/2015,88,42,30,46,7,5
9/24/2015,85,38,35,42,7,5
9/25/2015,83,53,39,31,7,6
9/26/2015,102,39,31,31,6,4
9/27/2015,68,33,34,30,6,4
9/28/2015,61,28,34,16,6,3
9/29/2015,48,19,24,24,6,3
9/30/2015,35,18,24,28,5,4
4/1/2015,67,26,22,25,6,5
4/2/2015,61,35,14,33,6,8
4/3/2015,73,18,24,26,6,5
4/4/2015,38,18,24,25,6,4
4/5/2015,46,54,23,33,7,6
4/6/2015,82,46,18,27,6,5
4/7/2015,76,30,26,28,7,5
4/8/2015,67,55,23,53,10,7
4/9/2015,99,58,37,49,11,7
4/10/2015,100,68,30,53,10,8
4/11/2015,115,55,34,37,8,6
4/12/2015,100,30,37,18,6,4
4/13/2015,63,23,31,29,6,5
4/14/2015,65,40,35,36,9,7
4/15/2015,85,72,22,40,9,7
4/16/2015,107,68,31,37,8,5
4/17/2015,72,62,26,56,9,7
4/18/2015,74,36,21,36,7,6
4/19/2015,62,13,33,27,6,4
4/20/2015,33,45,28,50,9,7
4/21/2015,82,67,36,43,13,7
4/22/2015,116,63,37,52,10,8
4/23/2015,120,68,41,33,10,6
4/24/2015,111,61,26,45,9,6
4/25/2015,77,40,26,41,12,6
4/26/2015,68,57,44,39,13,5
4/27/2015,90,49,31,49,9,6
4/28/2015,85,50,20,36,8,5
4/29/2015,95,34,32,36,7,5
4/30/2015,73,48,40,51,9,6
5/1/2015,93,39,33,40,9,6
5/2/2015,85,28,15,26,7,5
5/3/2015,69,50,30,24,7,4
5/4/2015,64,42,33,25,8,4
5/5/2015,55,49,27,45,11,6
5/6/2015,68,47,32,53,9,6
5/7/2015,73,57,30,49,11,6
5/8/2015,98,45,37,33,9,5
5/9/2015,78,44,34,29,8,5
5/10/2015,73,48,29,39,8,5
5/11/2015,82,37,35,20,8,5
5/12/2015,62,61,43,26,10,6
5/13/2015,85,56,41,31,9,5
5/14/2015,99,86,36,33,9,8
5/15/2015,149,54,43,38,9,6
5/16/2015,91,57,45,33,11,7
5/17/2015,110,48,36,49,8,6
5/18/2015,88,51,36,28,7,6
5/19/2015,104,46,32,26,7,5
5/20/2015,74,46,45,36,10,6
5/21/2015,80,55,43,44,14,6
5/22/2015,100,49,48,50,9,6
5/23/2015,89,34,55,33,7,5
5/24/2015,69,46,45,40,9,5
5/25/2015,87,44,36,45,9,5
5/26/2015,84,43,48,59,7,6
5/27/2015,80,44,56,55,9,5
5/28/2015,87,49,39,60,9,6
5/29/2015,93,44,23,34,7,4
5/30/2015,90,44,46,32,7,5
5/31/2015,88,40,41,46,12,5
6/1/2015,82,39,40,38,8,5
6/2/2015,84,45,33,19,6,3
6/3/2015,64,43,47,41,8,6
6/4/2015,71,36,28,43,8,6
6/5/2015,73,35,57,31,7,5
6/6/2015,74,34,65,26,8,4
6/7/2015,72,39,41,33,9,4
6/8/2015,81,48,39,24,7,4
6/9/2015,96,52,67,39,7,6
6/10/2015,100,43,37,35,7,5
6/11/2015,87,47,51,25,7,5
6/12/2015,90,72,50,32,8,6
6/13/2015,118,34,56,17,7,4
6/14/2015,69,40,45,28,6,5
6/15/2015,84,51,49,38,7,7
6/16/2015,98,40,39,37,7,6
6/17/2015,89,31,36,24,6,4
6/18/2015,72,23,42,21,6,4
6/19/2015,56,40,21,32,6,6
6/20/2015,88,23,43,21,6,5
6/21/2015,58,34,40,37,8,5
6/22/2015,78,36,45,32,9,5
6/23/2015,79,45,61,38,8,6
6/24/2015,93,44,40,40,8,6
6/25/2015,92,13,34,19,6,3
6/26/2015,36,11,37,19,6,3
6/27/2015,33,25,44,29,7,4
6/28/2015,60,25,45,28,8,4
6/29/2015,65,33,30,32,7,4
6/30/2015,79,34,42,22,7,5
1/1/2015,54,32,14,22,9,4
1/2/2015,61,43,4,43,12,8
1/3/2015,84,48,4,61,11,9
1/4/2015,98,71,3,63,13,13
1/5/2015,132,40,18,23,8,5
1/6/2015,59,39,15,52,22,4
1/7/2015,59,47,10,57,32,6
1/8/2015,83,53,6,62,11,10
1/9/2015,95,44,10,42,11,8
1/10/2015,82,50,18,26,11,6
1/11/2015,89,49,13,41,11,7
1/12/2015,92,62,8,63,12,12
1/13/2015,111,72,32,68,14,14
1/14/2015,131,64,7,61,13,11
1/15/2015,120,77,15,37,11,10
1/16/2015,146,39,17,22,9,5
1/17/2015,74,36,9,40,9,7
1/18/2015,70,64,15,28,11,8
1/19/2015,121,52,6,49,9,8
1/20/2015,94,64,4,59,11,12
1/21/2015,113,50,12,51,10,9
1/22/2015,100,46,9,46,10,9
1/23/2015,93,57,13,52,11,8
1/24/2015,106,67,4,51,9,9
1/25/2015,124,44,19,38,8,9
1/26/2015,100,54,18,25,9,6
1/27/2015,98,50,14,37,9,6
1/28/2015,73,56,10,51,9,10
1/29/2015,97,43,18,29,10,6
1/30/2015,79,46,12,32,10,5
1/31/2015,77,34,13,36,8,6
2/1/2015,71,48,19,54,9,10
2/2/2015,91,64,4,67,11,12
2/3/2015,119,76,14,62,13,14
2/4/2015,148,83,18,39,17,12
2/5/2015,159,58,16,43,12,8
2/6/2015,106,53,17,47,12,9
2/7/2015,93,87,20,13,7,3
2/8/2015,55,41,15,27,10,5
2/9/2015,68,82,16,50,20,11
2/10/2015,133,79,15,51,15,11
2/11/2015,133,42,21,23,9,4
2/12/2015,63,36,20,30,9,5
2/13/2015,69,58,8,53,11,9
2/14/2015,104,76,24,42,12,9
2/15/2015,139,46,26,41,7,8
2/16/2015,96,62,18,28,8,8
2/17/2015,126,63,19,25,9,9
2/18/2015,139,64,17,40,9,10
2/19/2015,138,57,22,44,8,9
2/20/2015,117,29,12,43,7,6
2/21/2015,66,202,20,28,7,5
2/22/2015,92,554,16,25,7,5
2/23/2015,180,91,16,37,9,7
2/24/2015,99,70,18,43,10,8
2/25/2015,102,39,20,22,8,4
2/26/2015,74,34,22,23,8,4
2/27/2015,72,50,9,45,9,7
2/28/2015,90,80,22,27,8,6
3/1/2015,103,80,20,41,10,7
3/2/2015,94,55,17,43,10,6
3/3/2015,93,45,24,16,7,4
3/4/2015,70,49,19,37,8,6
3/5/2015,100,52,12,57,10,9
3/6/2015,102,55,20,54,10,9
3/7/2015,103,70,26,52,13,10
3/8/2015,145,64,23,29,11,6
3/9/2015,106,33,23,14,7,3
3/10/2015,48,43,22,26,10,5
3/11/2015,74,37,23,30,9,4
3/12/2015,59,50,28,34,9,5
3/13/2015,85,43,17,39,10,5
3/14/2015,78,48,22,55,13,8
3/15/2015,92,78,15,63,13,10
3/16/2015,120,106,7,90,17,14
3/17/2015,167,77,21,49,10,8
3/18/2015,135,58,17,48,9,7
3/19/2015,101,87,23,68,12,10
3/20/2015,131,127,39,63,20,11
3/21/2015,155,115,28,34,12,8
3/22/2015,121,58,29,19,8,4
3/23/2015,56,49,24,39,9,5
3/24/2015,77,48,20,48,10,6
3/25/2015,85,51,24,52,12,6
3/26/2015,87,59,27,52,12,7
3/27/2015,99,52,28,50,12,7
3/28/2015,89,64,25,34,10,5
3/29/2015,110,115,29,53,10,9
3/30/2015,149,98,18,54,10,10
3/31/2015,164,29,26,29,7,6
10/1/2014,49,27,20,26,6,4
10/2/2014,77,36,11,42,8,6
10/3/2014,66,25,27,24,7,8
10/4/2014,50,22,21,26,6,5
10/5/2014,44,19,30,15,5,2
10/6/2014,45,33,21,41,7,4
10/7/2014,72,39,18,56,7,5
10/8/2014,80,46,33,51,7,6
10/9/2014,94,46,24,41,6,5
10/10/2014,92,32,25,26,5,4
10/11/2014,72,33,24,35,6,4
10/12/2014,71,26,22,20,5,3
10/13/2014,47,28,17,27,5,3
10/14/2014,43,39,26,43,7,5
10/15/2014,77,42,21,32,6,4
10/16/2014,64,37,17,44,7,5
10/17/2014,66,43,12,57,8,7
10/18/2014,78,59,21,48,8,7
10/19/2014,111,35,11,44,6,6
10/20/2014,83,15,8,30,5,5
10/21/2014,43,17,17,25,6,3
10/22/2014,46,30,13,45,6,5
10/23/2014,66,44,13,57,7,7
10/24/2014,93,53,17,52,8,7
10/25/2014,105,41,22,32,7,5
10/26/2014,84,45,17,27,6,3
10/27/2014,64,62,8,58,8,5
10/28/2014,97,64,5,79,8,9
10/29/2014,107,63,4,85,9,10
10/30/2014,123,47,10,66,8,8
10/31/2014,76,42,19,43,7,5
11/1/2014,87,57,37,15,6,3
11/2/2014,98,42,18,25,7,3
11/3/2014,58,33,11,47,7,5
11/4/2014,63,35,14,51,8,6
11/5/2014,71,58,22,49,10,6
11/6/2014,101,54,8,50,8,5
11/7/2014,78,64,3,64,9,8
11/8/2014,102,61,25,39,7,6
11/9/2014,101,59,11,64,8,9
11/10/2014,99,69,10,73,9,11
11/11/2014,127,42,19,18,7,3
11/12/2014,66,65,18,19,6,3
11/13/2014,40,35,12,46,9,6
11/14/2014,63,36,12,39,8,6
11/15/2014,70,51,9,55,11,7
11/16/2014,91,36,16,35,7,6
11/17/2014,85,38,15,41,7,6
11/18/2014,87,59,9,64,9,11
11/19/2014,111,65,8,71,10,12
11/20/2014,122,63,9,68,10,10
11/21/2014,120,48,6,62,8,8
11/22/2014,101,66,12,41,7,7
11/23/2014,126,68,2,53,9,9
11/24/2014,130,34,15,33,7,6
11/25/2014,76,33,15,40,6,6
11/26/2014,69,54,3,62,8,10
11/27/2014,103,29,7,45,6,7
11/28/2014,71,20,7,36,5,6
11/29/2014,46,15,12,32,6,6
11/30/2014,43,44,16,15,6,4
12/1/2014,51,74,14,18,7,4
12/2/2014,49,28,8,31,8,4
12/3/2014,57,48,13,25,9,5
12/4/2014,59,33,17,20,9,4
12/5/2014,53,37,15,21,8,4
12/6/2014,55,51,6,39,10,7
12/7/2014,81,45,13,36,9,7
12/8/2014,84,54,7,52,11,10
12/9/2014,97,54,2,67,11,12
12/10/2014,108,51,13,31,9,7
12/11/2014,94,43,9,39,9,7
12/12/2014,90,34,15,20,9,5
12/13/2014,64,38,8,39,11,7
12/14/2014,76,51,2,49,8,10
12/15/2014,98,34,16,23,9,6
12/16/2014,69,22,19,16,8,3
12/17/2014,33,30,17,35,9,6
12/18/2014,59,50,3,56,10,10
12/19/2014,96,31,15,32,9,6
12/20/2014,70,21,13,23,8,4
12/21/2014,54,30,7,48,8,8
12/22/2014,72,49,3,67,10,14
12/23/2014,103,54,13,57,13,12
12/24/2014,108,31,16,23,9,5
12/25/2014,68,38,8,40,10,6
12/26/2014,80,58,4,63,10,12
12/27/2014,110,62,2,72,10,14
12/28/2014,122, , , , , 
8/2/2014,32,14,18,18,6,2
8/3/2014,21,9,23,13,6,2
8/4/2014,27,10,19,23,6,4
8/5/2014,89,47,36,27,7,5
8/6/2014,100,49,37,39,7,5
8/7/2014,82,43,13,47,6,7
8/8/2014,47,21,29,23,6,4
8/9/2014,51,22,36,16,5,4
8/10/2014,33,12,28,15,5,3
8/11/2014,48,26,30,24,6,4
8/12/2014,113,59,48,28,7,5
8/13/2014,147,67,20,40,7,8
8/14/2014,73,30,20,33,5,5
8/15/2014,76,35,30,32,6,5
8/16/2014,84,44,37,32,6,5
8/17/2014,84,43,7,37,5,6
8/18/2014,19,8,16,22,5,4
8/19/2014,33,15,17,35,6,5
8/20/2014,69,34,12,41,6,6
8/21/2014,42,17,13,33,5,5
8/22/2014,114,62,45,30,8,8
8/23/2014,154,71,40,28,9,7
8/24/2014,119,61,48,34,7,7
8/25/2014,109,49,26,25,5,6
8/26/2014,36,13,30,25,5,4
8/27/2014,22,9,22,21,5,4
8/28/2014,34,19,31,29,6,4
8/29/2014,62,26,27,40,6,5
8/30/2014,54,23,29,32,6,4
8/31/2014,62,26,26,32,6,4
9/1/2014,76,33,35,45,6,5
9/2/2014,52,23,17,37,5,4
9/3/2014,22,7,23,27,5,3
9/4/2014,38,16,26,26,6,4
9/5/2014,68,28,31,37,7,5
9/6/2014,84,37,48,35,7,5
9/7/2014,102,48,47,27,6,6
9/8/2014,114,54,43,22,6,6
9/9/2014,117,56,43,19,8,6
9/10/2014,64,29,35,36,6,5
9/11/2014,84,40,32,35,7,5
9/12/2014,87,42,16,50,6,6
9/13/2014,56,23,27,33,6,4
9/14/2014,33,16,27,22,6,3
9/15/2014,82,40,37,29,6,5
9/16/2014,62,37,26,32,7,4
9/17/2014,81,53,15,42,7,5
9/18/2014,49,23,16,34,6,4
9/19/2014,62,31,22,46,6,5
9/20/2014,72,32,29,46,6,5
9/21/2014,75,32,20,40,7,5
9/22/2014,74,30,32,40,6,5
9/23/2014,62,26,22,38,6,4
9/24/2014,48,19,21,30,6,4
9/25/2014,47,22,22,41,7,5
9/26/2014,60,28,15,36,7,5
9/27/2014,74,34,28,31,8,5
9/28/2014,91,43,18,32,7,6
9/29/2014,101,50,8,44,6,7
9/30/2014,52,24,16,24,6,5
3/31/2020, ,65,37,22,5,4
12/31/2019, ,38,3,43,4,8
12/31/2018, ,40,19,32,5,7
7/28/2017, ,18,26,22,6,4
8/5/2017, ,43,43,46,8,6
8/26/2017, ,26,21,30,5,5
9/22/2017, ,75,36,28,7,6
1/3/2016, ,47,18,30,8,6
12/31/2014, ,52,15,14,8,4
7/1/2014, ,48,57,35,8,7
7/2/2014, ,70,25,25,6,4
7/3/2014, ,25,40,27,7,4
7/4/2014, ,19,36,46,8,5
7/5/2014, ,35,37,30,6,4
7/6/2014, ,27,37,30,6,4
7/7/2014, ,35,61,35,7,4
7/8/2014, ,32,29,41,7,5
7/9/2014, ,22,13,32,6,5
7/10/2014, ,33,34,24,6,4
7/11/2014, ,59,52,27,10,8
7/12/2014, ,67,53,25,9,6
7/13/2014, ,57,39,19,8,5
7/14/2014, ,70,56,24,8,6
7/15/2014, ,79,53,31,7,7
7/16/2014, ,55,47,30,8,5
7/17/2014, ,24,26,26,7,3
7/18/2014, ,16,32,30,7,3
7/19/2014, ,47,25,29,8,4
7/20/2014, ,56,46,22,6,3
7/21/2014, ,58,30,30,9,4
7/22/2014, ,19,7,19,7,3
7/23/2014, ,18,15,33,7,4
7/24/2014, ,12,21,39,5,4
7/25/2014, ,18,14,31,6,4
7/26/2014, ,32,44,17,6,4
7/27/2014, ,72,67,21,6,7
7/28/2014, ,66,56,38,6,7
7/29/2014, ,41,47,35,7,6
7/30/2014, ,30,30,30,6,4
7/31/2014, ,29,21,36,7,5
8/1/2014, ,18,21,32,6,4
4/1/2014, ,68,31,72,11,7
4/2/2014, ,63,27,55,9,6
4/3/2014, ,61,27,23,6,3
4/4/2014, ,22,28,31,6,4
4/5/2014, ,45,34,18,6,3
4/6/2014, ,38,29,42,11,6
4/7/2014, ,63,26,54,10,5
4/8/2014, ,52,16,63,8,7
4/9/2014, ,65,25,60,8,7
4/10/2014, ,58,29,57,9,8
4/11/2014, ,64,10,67,9,9
4/12/2014, ,69,41,48,9,8
4/13/2014, ,69,34,62,10,8
4/14/2014, ,66,19,55,10,8
4/15/2014, ,69,18,60,14,11
4/16/2014, ,113,26,64,9,10
4/17/2014, ,79,30,42,7,6
4/18/2014, ,64,32,32,5,5
4/19/2014, ,48,42,22,7,4
4/20/2014, ,42,35,37,9,6
4/21/2014, ,58,40,51,10,7
4/22/2014, ,61,47,58,14,9
4/23/2014, ,73,46,54,12,10
4/24/2014, ,93,41,80,10,8
4/25/2014, ,65,33,72,10,7
4/26/2014, ,56,30,25,6,4
4/27/2014, ,29,25,25,5,4
4/28/2014, ,13,38,24,6,4
4/29/2014, ,14,31,29,7,4
4/30/2014, ,27,34,39,9,5
5/1/2014, ,52,44,40,10,7
5/2/2014, ,71,29,21,6,3
5/3/2014, ,28,36,35,9,5
5/4/2014, ,40,35,15,7,3
5/5/2014, ,37,29,26,9,4
5/6/2014, ,40,37,35,10,5
5/7/2014, ,47,32,27,6,4
5/8/2014, ,36,32,48,8,7
5/9/2014, ,46,34,53,7,6
5/10/2014, ,39,42,21,6,4
5/11/2014, ,32,42,22,9,6
5/12/2014, ,39,51,36,15,10
5/13/2014, ,77,61,32,15,7
5/14/2014, ,71,42,28,8,5
5/15/2014, ,49,35,41,12,7
5/16/2014, ,53,34,56,11,6
5/17/2014, ,56,52,42,9,6
5/18/2014, ,56,34,53,11,6
5/19/2014, ,60,40,50,9,5
5/20/2014, ,66,33,29,7,4
5/21/2014, ,59,38,49,9,5
5/22/2014, ,46,38,46,10,7
5/23/2014, ,65,28,42,9,6
5/24/2014, ,63,33,25,9,5
5/25/2014, ,53,38,31,9,5
5/26/2014, ,74,57,34,14,6
5/27/2014, ,114,76,42,11,8
5/28/2014, ,123,59,43,12,8
5/29/2014, ,103,52,60,12,6
5/30/2014, ,69,82,58,13,7
5/31/2014, ,91,47,33,9,5
6/1/2014, ,79,14,60,7,6
6/2/2014, ,77,31,27,6,4
6/3/2014, ,30,38,18,5,3
6/4/2014, ,23,39,21,6,3
6/5/2014, ,21,42,28,6,3
6/6/2014, ,30,38,43,7,5
6/7/2014, ,39,40,21,6,3
6/8/2014, ,35,34,35,7,4
6/9/2014, ,44,34,39,6,4
6/10/2014, ,35,17,34,6,4
6/11/2014, ,22,31,30,5,4
6/12/2014, ,27,40,32,6,5
6/13/2014, ,58,45,30,8,5
6/14/2014, ,42,54,23,8,4
6/15/2014, ,44,32,35,8,4
6/16/2014, ,37,66,41,9,6
6/17/2014, ,68,70,29,7,5
6/18/2014, ,51,36,25,7,5
6/19/2014, ,53,41,30,6,6
6/20/2014, ,56,34,26,6,4
6/21/2014, ,27,38,23,6,4
6/22/2014, ,22,19,40,6,6
6/23/2014, ,33,35,32,6,5
6/24/2014, ,45,44,38,8,6
6/25/2014, ,55,45,32,7,5
6/26/2014, ,52,29,27,6,4
6/27/2014, ,37,47,21,7,4
6/28/2014, ,40,47,24,7,5
6/29/2014, ,35,42,35,9,5
6/30/2014, ,36,68,37,8,6
1/1/2014, ,85,13,37,10,5
1/2/2014, ,53,3,62,11,11
1/3/2014, ,57,8,37,8,6
1/4/2014, ,49,10,38,7,6
1/5/2014, ,43,5,58,11,10
1/6/2014, ,61,2,70,14,12
1/7/2014, ,74,19,39,10,7
1/8/2014, ,65,21,18,5,3
1/9/2014, ,21,11,39,8,5
1/10/2014, ,33,8,51,10,8
1/11/2014, ,49,22,38,12,7
1/12/2014, ,57,17,28,6,4
1/13/2014, ,30,11,42,9,5
1/14/2014, ,42,12,44,10,7
1/15/2014, ,56,3,66,15,12
1/16/2014, ,80,6,64,12,14
1/17/2014, ,94,17,29,9,6
1/18/2014, ,57,10,35,11,6
1/19/2014, ,50,12,42,8,7
1/20/2014, ,60,19,27,15,7
1/21/2014, ,78,10,55,14,12
1/22/2014, ,88,6,65,11,11
1/23/2014, ,57,2,72,12,12
1/24/2014, ,65,13,52,9,10
1/25/2014, ,53,18,28,7,4
1/26/2014, ,36,5,58,11,8
1/27/2014, ,40,14,40,7,4
1/28/2014, ,32,4,66,10,9
1/29/2014, ,47,14,42,8,5
1/30/2014, ,41,17,38,7,5
1/31/2014, ,25,5,45,7,6
2/1/2014, ,27,6,39,5,7
2/2/2014, ,23,20,19,5,3
2/3/2014, ,57,20,18,7,3
2/4/2014, ,36,14,35,10,5
2/5/2014, ,46,7,50,10,8
2/6/2014, ,51,17,33,6,4
2/7/2014, ,19,18,25,5,4
2/8/2014, ,10,20,23,4,4
2/9/2014, ,20,19,31,6,4
2/10/2014, ,27,17,33,6,4
2/11/2014, ,18,11,41,6,5
2/12/2014, ,23,15,41,7,6
2/13/2014, ,27,17,32,6,4
2/14/2014, ,18,17,43,7,7
2/15/2014, ,34,17,57,11,9
2/16/2014, ,60,17,50,14,9
2/17/2014, ,72,23,28,6,4
2/18/2014, ,23,12,40,6,5
2/19/2014, ,32,20,42,11,8
2/20/2014, ,62,21,44,11,8
2/21/2014, ,65,25,58,13,12
2/22/2014, ,82,23,52,14,12
2/23/2014, ,86,19,66,21,15
2/24/2014, ,119,13,81,18,17
2/25/2014, ,126,20,72,15,14
2/26/2014, ,108,21,68,14,14
2/27/2014, ,96,17,56,13,11
2/28/2014, ,95,13,56,12,10
3/1/2014, ,80,29,26,6,4
3/2/2014, ,30,19,56,15,7
3/3/2014, ,58,26,66,18,11
3/4/2014, ,76,26,20,8,4
3/5/2014, ,38,21,27,9,4
3/6/2014, ,34,24,26,8,4
3/7/2014, ,31,19,41,10,6
3/8/2014, ,43,31,24,8,4
3/9/2014, ,39,20,35,9,4
3/10/2014, ,40,15,54,12,6
3/11/2014, ,50,6,59,9,8
3/12/2014, ,40,27,25,7,4
3/13/2014, ,49,27,40,8,6
3/14/2014, ,60,29,41,13,7
3/15/2014, ,82,32,41,13,7
3/16/2014, ,81,21,45,8,7
3/17/2014, ,62,25,40,8,6
3/18/2014, ,91,14,50,8,7
3/19/2014, ,93,24,39,7,5
3/20/2014, ,58,28,29,6,4
3/21/2014, ,33,26,51,11,6
3/22/2014, ,60,41,43,14,6
3/23/2014, ,73,30,46,11,6
3/24/2014, ,58,27,44,10,4
3/25/2014, ,57,25,56,10,6
3/26/2014, ,63,20,75,13,9
3/27/2014, ,76,34,45,12,8
3/28/2014, ,93,19,49,8,6
3/29/2014, ,53,43,25,7,5
3/30/2014, ,38,22,64,8,8
3/31/2014, ,61,26,77,9,8
12/31/2013, , ,18,34,12,6
